Workbook

Sheet Kanban
B1: Tableau Kanban
B2: Cartes triées par priorité. Changez le Statut dans « Tâches » : la carte se déplace. Colonne rouge = limite WIP dépassée.
B3: Filtrer par responsable : | C3: Tous | E3: ="⚠ En retard : "&COUNTIF(Tâches!$N$5:$N$104,"⚠ En retard")&" ⏰ Bientôt : "&COUNTIF(Tâches!$N$5:$N$104,"⏰ Bientôt") -> ⚠ En retard : 2 ⏰ Bientôt : 2
B5: =Paramètres!B5 -> Backlog | C5: =Paramètres!B6 -> À faire | D5: =Paramètres!B7 -> En cours | E5: =Paramètres!B8 -> En revue | F5: =Paramètres!B9 -> Terminé
B6: =COUNTIFS(Tâches!$F$5:$F$104,B$5,Tâches!$R$5:$R$104,1)&" / "&IF(Paramètres!$C$5="","∞",Paramètres!$C$5) -> 3 / ∞ | C6: =COUNTIFS(Tâches!$F$5:$F$104,C$5,Tâches!$R$5:$R$104,1)&" / "&IF(Paramètres!$C$6="","∞",Paramètres!$C$6) -> 4 / 8 | D6: =COUNTIFS(Tâches!$F$5:$F$104,D$5,Tâches!$R$5:$R$104,1)&" / "&IF(Paramètres!$C$7="","∞",Paramètres!$C$7) -> 3 / 4 | E6: =COUNTIFS(Tâches!$F$5:$F$104,E$5,Tâches!$R$5:$R$104,1)&" / "&IF(Paramètres!$C$8="","∞",Paramètres!$C$8) -> 2 / 3 | F6: =COUNTIFS(Tâches!$F$5:$F$104,F$5,Tâches!$R$5:$R$104,1)&" / "&IF(Paramètres!$C$9="","∞",Paramètres!$C$9) -> 7 / ∞
A7: 1 | B7: =IFERROR(INDEX(Tâches!$U$5:$U$104,MATCH(B$5&"|"&$A7,Tâches!$T$5:$T$104,0)),"") -> T-019 Audit de sécurité 👤 Karim 📅 — 🟠 Moyenne | C7: =IFERROR(INDEX(Tâches!$U$5:$U$104,MATCH(C$5&"|"&$A7,Tâches!$T$5:$T$104,0)),"") -> T-013 Tests d'intégration 👤 Karim 📅 23/10 🔴 Haute | D7: =IFERROR(INDEX(Tâches!$U$5:$U$104,MATCH(D$5&"|"&$A7,Tâches!$T$5:$T$104,0)),"") -> T-010 Développer le tableau de bord 👤 Yacine 📅 20/10 🔴 Haute | E7: =IFERROR(INDEX(Tâches!$U$5:$U$104,MATCH(E$5&"|"&$A7,Tâches!$T$5:$T$104,0)),"") -> T-008 Développer le module connexion 👤 Yacine 📅 15/10 🔴 Haute | F7: =IFERROR(INDEX(Tâches!$U$5:$U$104,MATCH(F$5&"|"&$A7,Tâches!$T$5:$T$104,0)),"") -> T-001 Définir le périmètre 👤 Alice 📅 23/09 🔴 Haute
A8: 2 | B8: =IFERROR(INDEX(Tâches!$U$5:$U$104,MATCH(B$5&"|"&$A8,Tâches!$T$5:$T$104,0)),"") -> T-017 Optimiser les performances 👤 Yacine 📅 — 🟢 Basse | C8: =IFERROR(INDEX(Tâches!$U$5:$U$104,MATCH(C$5&"|"&$A8,Tâches!$T$5:$T$104,0)),"") -> T-015 Campagne réseaux sociaux 👤 Sara 📅 31/10 🟠 Moyenne | D8: =IFERROR(INDEX(Tâches!$U$5:$U$104,MATCH(D$5&"|"&$A8,Tâches!$T$5:$T$104,0)),"") -> T-011 Plan de communication 👤 Sara 📅 16/10 🟠 Moyenne | E8: =IFERROR(INDEX(Tâches!$U$5:$U$104,MATCH(E$5&"|"&$A8,Tâches!$T$5:$T$104,0)),"") -> T-009 Valider le budget 👤 Karim 📅 12/10 🟠 Moyenne ⚠ En retard | F8: =IFERROR(INDEX(Tâches!$U$5:$U$104,MATCH(F$5&"|"&$A8,Tâches!$T$5:$T$104,0)),"") -> T-004 Charte graphique 👤 Sara 📅 01/10 🔴 Haute
A9: 3 | B9: =IFERROR(INDEX(Tâches!$U$5:$U$104,MATCH(B$5&"|"&$A9,Tâches!$T$5:$T$104,0)),"") -> T-018 Application mobile 👤 Yacine 📅 — 🟢 Basse | C9: =IFERROR(INDEX(Tâches!$U$5:$U$104,MATCH(C$5&"|"&$A9,Tâches!$T$5:$T$104,0)),"") -> T-016 Former l'équipe 👤 Alice 📅 03/11 🟠 Moyenne | D9: =IFERROR(INDEX(Tâches!$U$5:$U$104,MATCH(D$5&"|"&$A9,Tâches!$T$5:$T$104,0)),"") -> T-012 Rédiger la documentation 👤 Alice 📅 11/10 🟢 Basse ⚠ En retard | E9: =IFERROR(INDEX(Tâches!$U$5:$U$104,MATCH(E$5&"|"&$A9,Tâches!$T$5:$T$104,0)),"") | F9: =IFERROR(INDEX(Tâches!$U$5:$U$104,MATCH(F$5&"|"&$A9,Tâches!$T$5:$T$104,0)),"") -> T-005 Choix de l'architecture 👤 Yacine 📅 03/10 🔴 Haute
A10: 4 | B10: =IFERROR(INDEX(Tâches!$U$5:$U$104,MATCH(B$5&"|"&$A10,Tâches!$T$5:$T$104,0)),"") | C10: =IFERROR(INDEX(Tâches!$U$5:$U$104,MATCH(C$5&"|"&$A10,Tâches!$T$5:$T$104,0)),"") -> T-014 Choisir les fournisseurs 👤 Karim 📅 27/10 🟢 Basse | D10: =IFERROR(INDEX(Tâches!$U$5:$U$104,MATCH(D$5&"|"&$A10,Tâches!$T$5:$T$104,0)),"") | E10: =IFERROR(INDEX(Tâches!$U$5:$U$104,MATCH(E$5&"|"&$A10,Tâches!$T$5:$T$104,0)),"") | F10: =IFERROR(INDEX(Tâches!$U$5:$U$104,MATCH(F$5&"|"&$A10,Tâches!$T$5:$T$104,0)),"") -> T-006 Maquettes de l'interface 👤 Sara 📅 08/10 🔴 Haute
A11: 5 | B11: =IFERROR(INDEX(Tâches!$U$5:$U$104,MATCH(B$5&"|"&$A11,Tâches!$T$5:$T$104,0)),"") | C11: =IFERROR(INDEX(Tâches!$U$5:$U$104,MATCH(C$5&"|"&$A11,Tâches!$T$5:$T$104,0)),"") | D11: =IFERROR(INDEX(Tâches!$U$5:$U$104,MATCH(D$5&"|"&$A11,Tâches!$T$5:$T$104,0)),"") | E11: =IFERROR(INDEX(Tâches!$U$5:$U$104,MATCH(E$5&"|"&$A11,Tâches!$T$5:$T$104,0)),"") | F11: =IFERROR(INDEX(Tâches!$U$5:$U$104,MATCH(F$5&"|"&$A11,Tâches!$T$5:$T$104,0)),"") -> T-007 Cahier des charges 👤 Alice 📅 09/10 🔴 Haute
A12: 6 | B12: =IFERROR(INDEX(Tâches!$U$5:$U$104,MATCH(B$5&"|"&$A12,Tâches!$T$5:$T$104,0)),"") | C12: =IFERROR(INDEX(Tâches!$U$5:$U$104,MATCH(C$5&"|"&$A12,Tâches!$T$5:$T$104,0)),"") | D12: =IFERROR(INDEX(Tâches!$U$5:$U$104,MATCH(D$5&"|"&$A12,Tâches!$T$5:$T$104,0)),"") | E12: =IFERROR(INDEX(Tâches!$U$5:$U$104,MATCH(E$5&"|"&$A12,Tâches!$T$5:$T$104,0)),"") | F12: =IFERROR(INDEX(Tâches!$U$5:$U$104,MATCH(F$5&"|"&$A12,Tâches!$T$5:$T$104,0)),"") -> T-002 Réunion de lancement 👤 Karim 📅 19/09 🟠 Moyenne
A13: 7 | B13: =IFERROR(INDEX(Tâches!$U$5:$U$104,MATCH(B$5&"|"&$A13,Tâches!$T$5:$T$104,0)),"") | C13: =IFERROR(INDEX(Tâches!$U$5:$U$104,MATCH(C$5&"|"&$A13,Tâches!$T$5:$T$104,0)),"") | D13: =IFERROR(INDEX(Tâches!$U$5:$U$104,MATCH(D$5&"|"&$A13,Tâches!$T$5:$T$104,0)),"") | E13: =IFERROR(INDEX(Tâches!$U$5:$U$104,MATCH(E$5&"|"&$A13,Tâches!$T$5:$T$104,0)),"") | F13: =IFERROR(INDEX(Tâches!$U$5:$U$104,MATCH(F$5&"|"&$A13,Tâches!$T$5:$T$104,0)),"") -> T-003 Étude de marché 👤 Sara 📅 28/09 🟠 Moyenne
A14: 8 | B14: =IFERROR(INDEX(Tâches!$U$5:$U$104,MATCH(B$5&"|"&$A14,Tâches!$T$5:$T$104,0)),"") | C14: =IFERROR(INDEX(Tâches!$U$5:$U$104,MATCH(C$5&"|"&$A14,Tâches!$T$5:$T$104,0)),"") | D14: =IFERROR(INDEX(Tâches!$U$5:$U$104,MATCH(D$5&"|"&$A14,Tâches!$T$5:$T$104,0)),"") | E14: =IFERROR(INDEX(Tâches!$U$5:$U$104,MATCH(E$5&"|"&$A14,Tâches!$T$5:$T$104,0)),"") | F14: =IFERROR(INDEX(Tâches!$U$5:$U$104,MATCH(F$5&"|"&$A14,Tâches!$T$5:$T$104,0)),"")
A15: 9 | B15: =IFERROR(INDEX(Tâches!$U$5:$U$104,MATCH(B$5&"|"&$A15,Tâches!$T$5:$T$104,0)),"") | C15: =IFERROR(INDEX(Tâches!$U$5:$U$104,MATCH(C$5&"|"&$A15,Tâches!$T$5:$T$104,0)),"") | D15: =IFERROR(INDEX(Tâches!$U$5:$U$104,MATCH(D$5&"|"&$A15,Tâches!$T$5:$T$104,0)),"") | E15: =IFERROR(INDEX(Tâches!$U$5:$U$104,MATCH(E$5&"|"&$A15,Tâches!$T$5:$T$104,0)),"") | F15: =IFERROR(INDEX(Tâches!$U$5:$U$104,MATCH(F$5&"|"&$A15,Tâches!$T$5:$T$104,0)),"")
A16: 10 | B16: =IFERROR(INDEX(Tâches!$U$5:$U$104,MATCH(B$5&"|"&$A16,Tâches!$T$5:$T$104,0)),"") | C16: =IFERROR(INDEX(Tâches!$U$5:$U$104,MATCH(C$5&"|"&$A16,Tâches!$T$5:$T$104,0)),"") | D16: =IFERROR(INDEX(Tâches!$U$5:$U$104,MATCH(D$5&"|"&$A16,Tâches!$T$5:$T$104,0)),"") | E16: =IFERROR(INDEX(Tâches!$U$5:$U$104,MATCH(E$5&"|"&$A16,Tâches!$T$5:$T$104,0)),"") | F16: =IFERROR(INDEX(Tâches!$U$5:$U$104,MATCH(F$5&"|"&$A16,Tâches!$T$5:$T$104,0)),"")
A17: 11 | B17: =IFERROR(INDEX(Tâches!$U$5:$U$104,MATCH(B$5&"|"&$A17,Tâches!$T$5:$T$104,0)),"") | C17: =IFERROR(INDEX(Tâches!$U$5:$U$104,MATCH(C$5&"|"&$A17,Tâches!$T$5:$T$104,0)),"") | D17: =IFERROR(INDEX(Tâches!$U$5:$U$104,MATCH(D$5&"|"&$A17,Tâches!$T$5:$T$104,0)),"") | E17: =IFERROR(INDEX(Tâches!$U$5:$U$104,MATCH(E$5&"|"&$A17,Tâches!$T$5:$T$104,0)),"") | F17: =IFERROR(INDEX(Tâches!$U$5:$U$104,MATCH(F$5&"|"&$A17,Tâches!$T$5:$T$104,0)),"")
A18: 12 | B18: =IFERROR(INDEX(Tâches!$U$5:$U$104,MATCH(B$5&"|"&$A18,Tâches!$T$5:$T$104,0)),"") | C18: =IFERROR(INDEX(Tâches!$U$5:$U$104,MATCH(C$5&"|"&$A18,Tâches!$T$5:$T$104,0)),"") | D18: =IFERROR(INDEX(Tâches!$U$5:$U$104,MATCH(D$5&"|"&$A18,Tâches!$T$5:$T$104,0)),"") | E18: =IFERROR(INDEX(Tâches!$U$5:$U$104,MATCH(E$5&"|"&$A18,Tâches!$T$5:$T$104,0)),"") | F18: =IFERROR(INDEX(Tâches!$U$5:$U$104,MATCH(F$5&"|"&$A18,Tâches!$T$5:$T$104,0)),"")
... A26: 20 | B26: =IFERROR(INDEX(Tâches!$U$5:$U$104,MATCH(B$5&"|"&$A26,Tâches!$T$5:$T$104,0)),"") | C26: =IFERROR(INDEX(Tâches!$U$5:$U$104,MATCH(C$5&"|"&$A26,Tâches!$T$5:$T$104,0)),"") | D26: =IFERROR(INDEX(Tâches!$U$5:$U$104,MATCH(D$5&"|"&$A26,Tâches!$T$5:$T$104,0)),"") | E26: =IFERROR(INDEX(Tâches!$U$5:$U$104,MATCH(E$5&"|"&$A26,Tâches!$T$5:$T$104,0)),"") | F26: =IFERROR(INDEX(Tâches!$U$5:$U$104,MATCH(F$5&"|"&$A26,Tâches!$T$5:$T$104,0)),"")

Sheet Tâches
A1: Liste des tâches
A2: Saisissez uniquement les colonnes jaunes (B à K). Les colonnes grises (A, L à P) sont calculées. Astuce : Ctrl+; insère la date du jour.
A4: ID (auto) | B4: Tâche | C4: Catégorie | D4: Responsable | E4: Priorité | F4: Statut | G4: Estimation (h) | H4: Date création | I4: Date début | J4: Échéance | K4: Date fin | L4: Avancement | M4: Jours restants | N4: Alerte | O4: Cycle time (j) | P4: Âge (j) | Q4: Score prio | R4: Visible | S4: Rang | T4: Clé | U4: Carte
A5: =IF(B5="","","T-"&TEXT(ROW()-4,"000")) -> T-001 | B5: Définir le périmètre | C5: Admin | D5: Alice | E5: Haute | F5: Terminé | G5: 6 | H5: 46278 | I5: 46280 | J5: 46288 | K5: 46283 | L5: =IF(B5="",0,IFERROR(INDEX(Paramètres!$D$5:$D$9,MATCH(F5,Paramètres!$B$5:$B$9,0)),0)) -> 1 | M5: =IF(OR(B5="",J5="",F5=Paramètres!$B$9),"",J5-Paramètres!$C$12) | N5: =IF(B5="","",IF(F5=Paramètres!$B$9,"✔ Terminé",IF(J5="","",IF(J5<Paramètres!$C$12,"⚠ En retard",IF(J5-Paramètres!$C$12<=Paramètres!$C$13,"⏰ Bientôt","OK"))))) -> ✔ Terminé | O5: =IF(OR(B5="",I5=""),"",IF(K5<>"",K5-I5,IF(F5=Paramètres!$B$9,"",Paramètres!$C$12-I5))) -> 3 | P5: =IF(OR(B5="",H5=""),"",IF(K5<>"",K5-H5,Paramètres!$C$12-H5)) -> 5 | Q5: =IF(B5="","",IFERROR(MATCH(E5,Paramètres!$G$5:$G$7,0),99)) -> 1 | R5: =IF(B5="","",IF(OR(Kanban!$C$3="Tous",D5=Kanban!$C$3),1,0)) -> 1 | S5: =IF(R5=1,COUNTIFS($F$5:$F$104,F5,$R$5:$R$104,1,$Q$5:$Q$104,"<"&Q5)+COUNTIFS($F$5:F5,F5,$R$5:R5,1,$Q$5:Q5,Q5),"") -> 1 | T5: =IF(S5="","",F5&"|"&S5) -> Terminé|1 | U5: =IF(S5="","",A5&" "&B5&CHAR(10)&"👤 "&D5&" 📅 "&IF(J5="","—",TEXT(DAY(J5),"00")&"/"&TEXT(MONTH(J5),"00"))&CHAR(10)&IF(E5="Haute","🔴 ",IF(E5="Moyenne","🟠 ","🟢 "))&E5&IF(N5="⚠ En retard"," ⚠ En retard","")) -> T-001 Définir le périmètre 👤 Alice 📅 23/09 🔴 Haute
A6: =IF(B6="","","T-"&TEXT(ROW()-4,"000")) -> T-002 | B6: Réunion de lancement | C6: Admin | D6: Karim | E6: Moyenne | F6: Terminé | G6: 3 | H6: 46278 | I6: 46281 | J6: 46284 | K6: 46284 | L6: =IF(B6="",0,IFERROR(INDEX(Paramètres!$D$5:$D$9,MATCH(F6,Paramètres!$B$5:$B$9,0)),0)) -> 1 | M6: =IF(OR(B6="",J6="",F6=Paramètres!$B$9),"",J6-Paramètres!$C$12) | N6: =IF(B6="","",IF(F6=Paramètres!$B$9,"✔ Terminé",IF(J6="","",IF(J6<Paramètres!$C$12,"⚠ En retard",IF(J6-Paramètres!$C$12<=Paramètres!$C$13,"⏰ Bientôt","OK"))))) -> ✔ Terminé | O6: =IF(OR(B6="",I6=""),"",IF(K6<>"",K6-I6,IF(F6=Paramètres!$B$9,"",Paramètres!$C$12-I6))) -> 3 | P6: =IF(OR(B6="",H6=""),"",IF(K6<>"",K6-H6,Paramètres!$C$12-H6)) -> 6 | Q6: =IF(B6="","",IFERROR(MATCH(E6,Paramètres!$G$5:$G$7,0),99)) -> 2 | R6: =IF(B6="","",IF(OR(Kanban!$C$3="Tous",D6=Kanban!$C$3),1,0)) -> 1 | S6: =IF(R6=1,COUNTIFS($F$5:$F$104,F6,$R$5:$R$104,1,$Q$5:$Q$104,"<"&Q6)+COUNTIFS($F$5:F6,F6,$R$5:R6,1,$Q$5:Q6,Q6),"") -> 6 | T6: =IF(S6="","",F6&"|"&S6) -> Terminé|6 | U6: =IF(S6="","",A6&" "&B6&CHAR(10)&"👤 "&D6&" 📅 "&IF(J6="","—",TEXT(DAY(J6),"00")&"/"&TEXT(MONTH(J6),"00"))&CHAR(10)&IF(E6="Haute","🔴 ",IF(E6="Moyenne","🟠 ","🟢 "))&E6&IF(N6="⚠ En retard"," ⚠ En retard","")) -> T-002 Réunion de lancement 👤 Karim 📅 19/09 🟠 Moyenne
A7: =IF(B7="","","T-"&TEXT(ROW()-4,"000")) -> T-003 | B7: Étude de marché | C7: Marketing | D7: Sara | E7: Moyenne | F7: Terminé | G7: 12 | H7: 46280 | I7: 46282 | J7: 46293 | K7: 46292 | L7: =IF(B7="",0,IFERROR(INDEX(Paramètres!$D$5:$D$9,MATCH(F7,Paramètres!$B$5:$B$9,0)),0)) -> 1 | M7: =IF(OR(B7="",J7="",F7=Paramètres!$B$9),"",J7-Paramètres!$C$12) | N7: =IF(B7="","",IF(F7=Paramètres!$B$9,"✔ Terminé",IF(J7="","",IF(J7<Paramètres!$C$12,"⚠ En retard",IF(J7-Paramètres!$C$12<=Paramètres!$C$13,"⏰ Bientôt","OK"))))) -> ✔ Terminé | O7: =IF(OR(B7="",I7=""),"",IF(K7<>"",K7-I7,IF(F7=Paramètres!$B$9,"",Paramètres!$C$12-I7))) -> 10 | P7: =IF(OR(B7="",H7=""),"",IF(K7<>"",K7-H7,Paramètres!$C$12-H7)) -> 12 | Q7: =IF(B7="","",IFERROR(MATCH(E7,Paramètres!$G$5:$G$7,0),99)) -> 2 | R7: =IF(B7="","",IF(OR(Kanban!$C$3="Tous",D7=Kanban!$C$3),1,0)) -> 1 | S7: =IF(R7=1,COUNTIFS($F$5:$F$104,F7,$R$5:$R$104,1,$Q$5:$Q$104,"<"&Q7)+COUNTIFS($F$5:F7,F7,$R$5:R7,1,$Q$5:Q7,Q7),"") -> 7 | T7: =IF(S7="","",F7&"|"&S7) -> Terminé|7 | U7: =IF(S7="","",A7&" "&B7&CHAR(10)&"👤 "&D7&" 📅 "&IF(J7="","—",TEXT(DAY(J7),"00")&"/"&TEXT(MONTH(J7),"00"))&CHAR(10)&IF(E7="Haute","🔴 ",IF(E7="Moyenne","🟠 ","🟢 "))&E7&IF(N7="⚠ En retard"," ⚠ En retard","")) -> T-003 Étude de marché 👤 Sara 📅 28/09 🟠 Moyenne
A8: =IF(B8="","","T-"&TEXT(ROW()-4,"000")) -> T-004 | B8: Charte graphique | C8: Conception | D8: Sara | E8: Haute | F8: Terminé | G8: 10 | H8: 46283 | I8: 46286 | J8: 46296 | K8: 46296 | L8: =IF(B8="",0,IFERROR(INDEX(Paramètres!$D$5:$D$9,MATCH(F8,Paramètres!$B$5:$B$9,0)),0)) -> 1 | M8: =IF(OR(B8="",J8="",F8=Paramètres!$B$9),"",J8-Paramètres!$C$12) | N8: =IF(B8="","",IF(F8=Paramètres!$B$9,"✔ Terminé",IF(J8="","",IF(J8<Paramètres!$C$12,"⚠ En retard",IF(J8-Paramètres!$C$12<=Paramètres!$C$13,"⏰ Bientôt","OK"))))) -> ✔ Terminé | O8: =IF(OR(B8="",I8=""),"",IF(K8<>"",K8-I8,IF(F8=Paramètres!$B$9,"",Paramètres!$C$12-I8))) -> 10 | P8: =IF(OR(B8="",H8=""),"",IF(K8<>"",K8-H8,Paramètres!$C$12-H8)) -> 13 | Q8: =IF(B8="","",IFERROR(MATCH(E8,Paramètres!$G$5:$G$7,0),99)) -> 1 | R8: =IF(B8="","",IF(OR(Kanban!$C$3="Tous",D8=Kanban!$C$3),1,0)) -> 1 | S8: =IF(R8=1,COUNTIFS($F$5:$F$104,F8,$R$5:$R$104,1,$Q$5:$Q$104,"<"&Q8)+COUNTIFS($F$5:F8,F8,$R$5:R8,1,$Q$5:Q8,Q8),"") -> 2 | T8: =IF(S8="","",F8&"|"&S8) -> Terminé|2 | U8: =IF(S8="","",A8&" "&B8&CHAR(10)&"👤 "&D8&" 📅 "&IF(J8="","—",TEXT(DAY(J8),"00")&"/"&TEXT(MONTH(J8),"00"))&CHAR(10)&IF(E8="Haute","🔴 ",IF(E8="Moyenne","🟠 ","🟢 "))&E8&IF(N8="⚠ En retard"," ⚠ En retard","")) -> T-004 Charte graphique 👤 Sara 📅 01/10 🔴 Haute
A9: =IF(B9="","","T-"&TEXT(ROW()-4,"000")) -> T-005 | B9: Choix de l'architecture | C9: Développement | D9: Yacine | E9: Haute | F9: Terminé | G9: 8 | H9: 46284 | I9: 46288 | J9: 46298 | K9: 46299 | L9: =IF(B9="",0,IFERROR(INDEX(Paramètres!$D$5:$D$9,MATCH(F9,Paramètres!$B$5:$B$9,0)),0)) -> 1 | M9: =IF(OR(B9="",J9="",F9=Paramètres!$B$9),"",J9-Paramètres!$C$12) | N9: =IF(B9="","",IF(F9=Paramètres!$B$9,"✔ Terminé",IF(J9="","",IF(J9<Paramètres!$C$12,"⚠ En retard",IF(J9-Paramètres!$C$12<=Paramètres!$C$13,"⏰ Bientôt","OK"))))) -> ✔ Terminé | O9: =IF(OR(B9="",I9=""),"",IF(K9<>"",K9-I9,IF(F9=Paramètres!$B$9,"",Paramètres!$C$12-I9))) -> 11 | P9: =IF(OR(B9="",H9=""),"",IF(K9<>"",K9-H9,Paramètres!$C$12-H9)) -> 15 | Q9: =IF(B9="","",IFERROR(MATCH(E9,Paramètres!$G$5:$G$7,0),99)) -> 1 | R9: =IF(B9="","",IF(OR(Kanban!$C$3="Tous",D9=Kanban!$C$3),1,0)) -> 1 | S9: =IF(R9=1,COUNTIFS($F$5:$F$104,F9,$R$5:$R$104,1,$Q$5:$Q$104,"<"&Q9)+COUNTIFS($F$5:F9,F9,$R$5:R9,1,$Q$5:Q9,Q9),"") -> 3 | T9: =IF(S9="","",F9&"|"&S9) -> Terminé|3 | U9: =IF(S9="","",A9&" "&B9&CHAR(10)&"👤 "&D9&" 📅 "&IF(J9="","—",TEXT(DAY(J9),"00")&"/"&TEXT(MONTH(J9),"00"))&CHAR(10)&IF(E9="Haute","🔴 ",IF(E9="Moyenne","🟠 ","🟢 "))&E9&IF(N9="⚠ En retard"," ⚠ En retard","")) -> T-005 Choix de l'architecture 👤 Yacine 📅 03/10 🔴 Haute
A10: =IF(B10="","","T-"&TEXT(ROW()-4,"000")) -> T-006 | B10: Maquettes de l'interface | C10: Conception | D10: Sara | E10: Haute | F10: Terminé | G10: 14 | H10: 46288 | I10: 46293 | J10: 46303 | K10: 46304 | L10: =IF(B10="",0,IFERROR(INDEX(Paramètres!$D$5:$D$9,MATCH(F10,Paramètres!$B$5:$B$9,0)),0)) -> 1 | M10: =IF(OR(B10="",J10="",F10=Paramètres!$B$9),"",J10-Paramètres!$C$12) | N10: =IF(B10="","",IF(F10=Paramètres!$B$9,"✔ Terminé",IF(J10="","",IF(J10<Paramètres!$C$12,"⚠ En retard",IF(J10-Paramètres!$C$12<=Paramètres!$C$13,"⏰ Bientôt","OK"))))) -> ✔ Terminé | O10: =IF(OR(B10="",I10=""),"",IF(K10<>"",K10-I10,IF(F10=Paramètres!$B$9,"",Paramètres!$C$12-I10))) -> 11 | P10: =IF(OR(B10="",H10=""),"",IF(K10<>"",K10-H10,Paramètres!$C$12-H10)) -> 16 | Q10: =IF(B10="","",IFERROR(MATCH(E10,Paramètres!$G$5:$G$7,0),99)) -> 1 | R10: =IF(B10="","",IF(OR(Kanban!$C$3="Tous",D10=Kanban!$C$3),1,0)) -> 1 | S10: =IF(R10=1,COUNTIFS($F$5:$F$104,F10,$R$5:$R$104,1,$Q$5:$Q$104,"<"&Q10)+COUNTIFS($F$5:F10,F10,$R$5:R10,1,$Q$5:Q10,Q10),"") -> 4 | T10: =IF(S10="","",F10&"|"&S10) -> Terminé|4 | U10: =IF(S10="","",A10&" "&B10&CHAR(10)&"👤 "&D10&" 📅 "&IF(J10="","—",TEXT(DAY(J10),"00")&"/"&TEXT(MONTH(J10),"00"))&CHAR(10)&IF(E10="Haute","🔴 ",IF(E10="Moyenne","🟠 ","🟢 "))&E10&IF(N10="⚠ En retard"," ⚠ En retard","")) -> T-006 Maquettes de l'interface 👤 Sara 📅 08/10 🔴 Haute
A11: =IF(B11="","","T-"&TEXT(ROW()-4,"000")) -> T-007 | B11: Cahier des charges | C11: Admin | D11: Alice | E11: Haute | F11: Terminé | G11: 10 | H11: 46288 | I11: 46294 | J11: 46304 | K11: 46306 | L11: =IF(B11="",0,IFERROR(INDEX(Paramètres!$D$5:$D$9,MATCH(F11,Paramètres!$B$5:$B$9,0)),0)) -> 1 | M11: =IF(OR(B11="",J11="",F11=Paramètres!$B$9),"",J11-Paramètres!$C$12) | N11: =IF(B11="","",IF(F11=Paramètres!$B$9,"✔ Terminé",IF(J11="","",IF(J11<Paramètres!$C$12,"⚠ En retard",IF(J11-Paramètres!$C$12<=Paramètres!$C$13,"⏰ Bientôt","OK"))))) -> ✔ Terminé | O11: =IF(OR(B11="",I11=""),"",IF(K11<>"",K11-I11,IF(F11=Paramètres!$B$9,"",Paramètres!$C$12-I11))) -> 12 | P11: =IF(OR(B11="",H11=""),"",IF(K11<>"",K11-H11,Paramètres!$C$12-H11)) -> 18 | Q11: =IF(B11="","",IFERROR(MATCH(E11,Paramètres!$G$5:$G$7,0),99)) -> 1 | R11: =IF(B11="","",IF(OR(Kanban!$C$3="Tous",D11=Kanban!$C$3),1,0)) -> 1 | S11: =IF(R11=1,COUNTIFS($F$5:$F$104,F11,$R$5:$R$104,1,$Q$5:$Q$104,"<"&Q11)+COUNTIFS($F$5:F11,F11,$R$5:R11,1,$Q$5:Q11,Q11),"") -> 5 | T11: =IF(S11="","",F11&"|"&S11) -> Terminé|5 | U11: =IF(S11="","",A11&" "&B11&CHAR(10)&"👤 "&D11&" 📅 "&IF(J11="","—",TEXT(DAY(J11),"00")&"/"&TEXT(MONTH(J11),"00"))&CHAR(10)&IF(E11="Haute","🔴 ",IF(E11="Moyenne","🟠 ","🟢 "))&E11&IF(N11="⚠ En retard"," ⚠ En retard","")) -> T-007 Cahier des charges 👤 Alice 📅 09/10 🔴 Haute
A12: =IF(B12="","","T-"&TEXT(ROW()-4,"000")) -> T-008 | B12: Développer le module connexion | C12: Développement | D12: Yacine | E12: Haute | F12: En revue | G12: 16 | H12: 46294 | I12: 46300 | J12: 46310 | L12: =IF(B12="",0,IFERROR(INDEX(Paramètres!$D$5:$D$9,MATCH(F12,Paramètres!$B$5:$B$9,0)),0)) -> 0.9 | M12: =IF(OR(B12="",J12="",F12=Paramètres!$B$9),"",J12-Paramètres!$C$12) -> 2 | N12: =IF(B12="","",IF(F12=Paramètres!$B$9,"✔ Terminé",IF(J12="","",IF(J12<Paramètres!$C$12,"⚠ En retard",IF(J12-Paramètres!$C$12<=Paramètres!$C$13,"⏰ Bientôt","OK"))))) -> ⏰ Bientôt | O12: =IF(OR(B12="",I12=""),"",IF(K12<>"",K12-I12,IF(F12=Paramètres!$B$9,"",Paramètres!$C$12-I12))) -> 8 | P12: =IF(OR(B12="",H12=""),"",IF(K12<>"",K12-H12,Paramètres!$C$12-H12)) -> 14 | Q12: =IF(B12="","",IFERROR(MATCH(E12,Paramètres!$G$5:$G$7,0),99)) -> 1 | R12: =IF(B12="","",IF(OR(Kanban!$C$3="Tous",D12=Kanban!$C$3),1,0)) -> 1 | S12: =IF(R12=1,COUNTIFS($F$5:$F$104,F12,$R$5:$R$104,1,$Q$5:$Q$104,"<"&Q12)+COUNTIFS($F$5:F12,F12,$R$5:R12,1,$Q$5:Q12,Q12),"") -> 1 | T12: =IF(S12="","",F12&"|"&S12) -> En revue|1 | U12: =IF(S12="","",A12&" "&B12&CHAR(10)&"👤 "&D12&" 📅 "&IF(J12="","—",TEXT(DAY(J12),"00")&"/"&TEXT(MONTH(J12),"00"))&CHAR(10)&IF(E12="Haute","🔴 ",IF(E12="Moyenne","🟠 ","🟢 "))&E12&IF(N12="⚠ En retard"," ⚠ En retard","")) -> T-008 Développer le module connexion 👤 Yacine 📅 15/10 🔴 Haute
A13: =IF(B13="","","T-"&TEXT(ROW()-4,"000")) -> T-009 | B13: Valider le budget | C13: Admin | D13: Karim | E13: Moyenne | F13: En revue | G13: 4 | H13: 46296 | I13: 46302 | J13: 46307 | L13: =IF(B13="",0,IFERROR(INDEX(Paramètres!$D$5:$D$9,MATCH(F13,Paramètres!$B$5:$B$9,0)),0)) -> 0.9 | M13: =IF(OR(B13="",J13="",F13=Paramètres!$B$9),"",J13-Paramètres!$C$12) -> -1 | N13: =IF(B13="","",IF(F13=Paramètres!$B$9,"✔ Terminé",IF(J13="","",IF(J13<Paramètres!$C$12,"⚠ En retard",IF(J13-Paramètres!$C$12<=Paramètres!$C$13,"⏰ Bientôt","OK"))))) -> ⚠ En retard | O13: =IF(OR(B13="",I13=""),"",IF(K13<>"",K13-I13,IF(F13=Paramètres!$B$9,"",Paramètres!$C$12-I13))) -> 6 | P13: =IF(OR(B13="",H13=""),"",IF(K13<>"",K13-H13,Paramètres!$C$12-H13)) -> 12 | Q13: =IF(B13="","",IFERROR(MATCH(E13,Paramètres!$G$5:$G$7,0),99)) -> 2 | R13: =IF(B13="","",IF(OR(Kanban!$C$3="Tous",D13=Kanban!$C$3),1,0)) -> 1 | S13: =IF(R13=1,COUNTIFS($F$5:$F$104,F13,$R$5:$R$104,1,$Q$5:$Q$104,"<"&Q13)+COUNTIFS($F$5:F13,F13,$R$5:R13,1,$Q$5:Q13,Q13),"") -> 2 | T13: =IF(S13="","",F13&"|"&S13) -> En revue|2 | U13: =IF(S13="","",A13&" "&B13&CHAR(10)&"👤 "&D13&" 📅 "&IF(J13="","—",TEXT(DAY(J13),"00")&"/"&TEXT(MONTH(J13),"00"))&CHAR(10)&IF(E13="Haute","🔴 ",IF(E13="Moyenne","🟠 ","🟢 "))&E13&IF(N13="⚠ En retard"," ⚠ En retard","")) -> T-009 Valider le budget 👤 Karim 📅 12/10 🟠 Moyenne ⚠ En retard
A14: =IF(B14="","","T-"&TEXT(ROW()-4,"000")) -> T-010 | B14: Développer le tableau de bord | C14: Développement | D14: Yacine | E14: Haute | F14: En cours | G14: 20 | H14: 46298 | I14: 46304 | J14: 46315 | L14: =IF(B14="",0,IFERROR(INDEX(Paramètres!$D$5:$D$9,MATCH(F14,Paramètres!$B$5:$B$9,0)),0)) -> 0.5 | M14: =IF(OR(B14="",J14="",F14=Paramètres!$B$9),"",J14-Paramètres!$C$12) -> 7 | N14: =IF(B14="","",IF(F14=Paramètres!$B$9,"✔ Terminé",IF(J14="","",IF(J14<Paramètres!$C$12,"⚠ En retard",IF(J14-Paramètres!$C$12<=Paramètres!$C$13,"⏰ Bientôt","OK"))))) -> OK | O14: =IF(OR(B14="",I14=""),"",IF(K14<>"",K14-I14,IF(F14=Paramètres!$B$9,"",Paramètres!$C$12-I14))) -> 4 | P14: =IF(OR(B14="",H14=""),"",IF(K14<>"",K14-H14,Paramètres!$C$12-H14)) -> 10 | Q14: =IF(B14="","",IFERROR(MATCH(E14,Paramètres!$G$5:$G$7,0),99)) -> 1 | R14: =IF(B14="","",IF(OR(Kanban!$C$3="Tous",D14=Kanban!$C$3),1,0)) -> 1 | S14: =IF(R14=1,COUNTIFS($F$5:$F$104,F14,$R$5:$R$104,1,$Q$5:$Q$104,"<"&Q14)+COUNTIFS($F$5:F14,F14,$R$5:R14,1,$Q$5:Q14,Q14),"") -> 1 | T14: =IF(S14="","",F14&"|"&S14) -> En cours|1 | U14: =IF(S14="","",A14&" "&B14&CHAR(10)&"👤 "&D14&" 📅 "&IF(J14="","—",TEXT(DAY(J14),"00")&"/"&TEXT(MONTH(J14),"00"))&CHAR(10)&IF(E14="Haute","🔴 ",IF(E14="Moyenne","🟠 ","🟢 "))&E14&IF(N14="⚠ En retard"," ⚠ En retard","")) -> T-010 Développer le tableau de bord 👤 Yacine 📅 20/10 🔴 Haute
A15: =IF(B15="","","T-"&TEXT(ROW()-4,"000")) -> T-011 | B15: Plan de communication | C15: Marketing | D15: Sara | E15: Moyenne | F15: En cours | G15: 8 | H15: 46299 | I15: 46305 | J15: 46311 | L15: =IF(B15="",0,IFERROR(INDEX(Paramètres!$D$5:$D$9,MATCH(F15,Paramètres!$B$5:$B$9,0)),0)) -> 0.5 | M15: =IF(OR(B15="",J15="",F15=Paramètres!$B$9),"",J15-Paramètres!$C$12) -> 3 | N15: =IF(B15="","",IF(F15=Paramètres!$B$9,"✔ Terminé",IF(J15="","",IF(J15<Paramètres!$C$12,"⚠ En retard",IF(J15-Paramètres!$C$12<=Paramètres!$C$13,"⏰ Bientôt","OK"))))) -> ⏰ Bientôt | O15: =IF(OR(B15="",I15=""),"",IF(K15<>"",K15-I15,IF(F15=Paramètres!$B$9,"",Paramètres!$C$12-I15))) -> 3 | P15: =IF(OR(B15="",H15=""),"",IF(K15<>"",K15-H15,Paramètres!$C$12-H15)) -> 9 | Q15: =IF(B15="","",IFERROR(MATCH(E15,Paramètres!$G$5:$G$7,0),99)) -> 2 | R15: =IF(B15="","",IF(OR(Kanban!$C$3="Tous",D15=Kanban!$C$3),1,0)) -> 1 | S15: =IF(R15=1,COUNTIFS($F$5:$F$104,F15,$R$5:$R$104,1,$Q$5:$Q$104,"<"&Q15)+COUNTIFS($F$5:F15,F15,$R$5:R15,1,$Q$5:Q15,Q15),"") -> 2 | T15: =IF(S15="","",F15&"|"&S15) -> En cours|2 | U15: =IF(S15="","",A15&" "&B15&CHAR(10)&"👤 "&D15&" 📅 "&IF(J15="","—",TEXT(DAY(J15),"00")&"/"&TEXT(MONTH(J15),"00"))&CHAR(10)&IF(E15="Haute","🔴 ",IF(E15="Moyenne","🟠 ","🟢 "))&E15&IF(N15="⚠ En retard"," ⚠ En retard","")) -> T-011 Plan de communication 👤 Sara 📅 16/10 🟠 Moyenne
A16: =IF(B16="","","T-"&TEXT(ROW()-4,"000")) -> T-012 | B16: Rédiger la documentation | C16: Admin | D16: Alice | E16: Basse | F16: En cours | G16: 12 | H16: 46300 | I16: 46306 | J16: 46306 | L16: =IF(B16="",0,IFERROR(INDEX(Paramètres!$D$5:$D$9,MATCH(F16,Paramètres!$B$5:$B$9,0)),0)) -> 0.5 | M16: =IF(OR(B16="",J16="",F16=Paramètres!$B$9),"",J16-Paramètres!$C$12) -> -2 | N16: =IF(B16="","",IF(F16=Paramètres!$B$9,"✔ Terminé",IF(J16="","",IF(J16<Paramètres!$C$12,"⚠ En retard",IF(J16-Paramètres!$C$12<=Paramètres!$C$13,"⏰ Bientôt","OK"))))) -> ⚠ En retard | O16: =IF(OR(B16="",I16=""),"",IF(K16<>"",K16-I16,IF(F16=Paramètres!$B$9,"",Paramètres!$C$12-I16))) -> 2 | P16: =IF(OR(B16="",H16=""),"",IF(K16<>"",K16-H16,Paramètres!$C$12-H16)) -> 8 | Q16: =IF(B16="","",IFERROR(MATCH(E16,Paramètres!$G$5:$G$7,0),99)) -> 3 | R16: =IF(B16="","",IF(OR(Kanban!$C$3="Tous",D16=Kanban!$C$3),1,0)) -> 1 | S16: =IF(R16=1,COUNTIFS($F$5:$F$104,F16,$R$5:$R$104,1,$Q$5:$Q$104,"<"&Q16)+COUNTIFS($F$5:F16,F16,$R$5:R16,1,$Q$5:Q16,Q16),"") -> 3 | T16: =IF(S16="","",F16&"|"&S16) -> En cours|3 | U16: =IF(S16="","",A16&" "&B16&CHAR(10)&"👤 "&D16&" 📅 "&IF(J16="","—",TEXT(DAY(J16),"00")&"/"&TEXT(MONTH(J16),"00"))&CHAR(10)&IF(E16="Haute","🔴 ",IF(E16="Moyenne","🟠 ","🟢 "))&E16&IF(N16="⚠ En retard"," ⚠ En retard","")) -> T-012 Rédiger la documentation 👤 Alice 📅 11/10 🟢 Basse ⚠ En retard
A17: =IF(B17="","","T-"&TEXT(ROW()-4,"000")) -> T-013 | B17: Tests d'intégration | C17: Qualité | D17: Karim | E17: Haute | F17: À faire | G17: 12 | H17: 46302 | J17: 46318 | L17: =IF(B17="",0,IFERROR(INDEX(Paramètres!$D$5:$D$9,MATCH(F17,Paramètres!$B$5:$B$9,0)),0)) -> 0 | M17: =IF(OR(B17="",J17="",F17=Paramètres!$B$9),"",J17-Paramètres!$C$12) -> 10 | N17: =IF(B17="","",IF(F17=Paramètres!$B$9,"✔ Terminé",IF(J17="","",IF(J17<Paramètres!$C$12,"⚠ En retard",IF(J17-Paramètres!$C$12<=Paramètres!$C$13,"⏰ Bientôt","OK"))))) -> OK | O17: =IF(OR(B17="",I17=""),"",IF(K17<>"",K17-I17,IF(F17=Paramètres!$B$9,"",Paramètres!$C$12-I17))) | P17: =IF(OR(B17="",H17=""),"",IF(K17<>"",K17-H17,Paramètres!$C$12-H17)) -> 6 | Q17: =IF(B17="","",IFERROR(MATCH(E17,Paramètres!$G$5:$G$7,0),99)) -> 1 | R17: =IF(B17="","",IF(OR(Kanban!$C$3="Tous",D17=Kanban!$C$3),1,0)) -> 1 | S17: =IF(R17=1,COUNTIFS($F$5:$F$104,F17,$R$5:$R$104,1,$Q$5:$Q$104,"<"&Q17)+COUNTIFS($F$5:F17,F17,$R$5:R17,1,$Q$5:Q17,Q17),"") -> 1 | T17: =IF(S17="","",F17&"|"&S17) -> À faire|1 | U17: =IF(S17="","",A17&" "&B17&CHAR(10)&"👤 "&D17&" 📅 "&IF(J17="","—",TEXT(DAY(J17),"00")&"/"&TEXT(MONTH(J17),"00"))&CHAR(10)&IF(E17="Haute","🔴 ",IF(E17="Moyenne","🟠 ","🟢 "))&E17&IF(N17="⚠ En retard"," ⚠ En retard","")) -> T-013 Tests d'intégration 👤 Karim 📅 23/10 🔴 Haute
A18: =IF(B18="","","T-"&TEXT(ROW()-4,"000")) -> T-014 | B18: Choisir les fournisseurs | C18: Admin | D18: Karim | E18: Basse | F18: À faire | G18: 5 | H18: 46303 | J18: 46322 | L18: =IF(B18="",0,IFERROR(INDEX(Paramètres!$D$5:$D$9,MATCH(F18,Paramètres!$B$5:$B$9,0)),0)) -> 0 | M18: =IF(OR(B18="",J18="",F18=Paramètres!$B$9),"",J18-Paramètres!$C$12) -> 14 | N18: =IF(B18="","",IF(F18=Paramètres!$B$9,"✔ Terminé",IF(J18="","",IF(J18<Paramètres!$C$12,"⚠ En retard",IF(J18-Paramètres!$C$12<=Paramètres!$C$13,"⏰ Bientôt","OK"))))) -> OK | O18: =IF(OR(B18="",I18=""),"",IF(K18<>"",K18-I18,IF(F18=Paramètres!$B$9,"",Paramètres!$C$12-I18))) | P18: =IF(OR(B18="",H18=""),"",IF(K18<>"",K18-H18,Paramètres!$C$12-H18)) -> 5 | Q18: =IF(B18="","",IFERROR(MATCH(E18,Paramètres!$G$5:$G$7,0),99)) -> 3 | R18: =IF(B18="","",IF(OR(Kanban!$C$3="Tous",D18=Kanban!$C$3),1,0)) -> 1 | S18: =IF(R18=1,COUNTIFS($F$5:$F$104,F18,$R$5:$R$104,1,$Q$5:$Q$104,"<"&Q18)+COUNTIFS($F$5:F18,F18,$R$5:R18,1,$Q$5:Q18,Q18),"") -> 4 | T18: =IF(S18="","",F18&"|"&S18) -> À faire|4 | U18: =IF(S18="","",A18&" "&B18&CHAR(10)&"👤 "&D18&" 📅 "&IF(J18="","—",TEXT(DAY(J18),"00")&"/"&TEXT(MONTH(J18),"00"))&CHAR(10)&IF(E18="Haute","🔴 ",IF(E18="Moyenne","🟠 ","🟢 "))&E18&IF(N18="⚠ En retard"," ⚠ En retard","")) -> T-014 Choisir les fournisseurs 👤 Karim 📅 27/10 🟢 Basse
A19: =IF(B19="","","T-"&TEXT(ROW()-4,"000")) -> T-015 | B19: Campagne réseaux sociaux | C19: Marketing | D19: Sara | E19: Moyenne | F19: À faire | G19: 10 | H19: 46304 | J19: 46326 | L19: =IF(B19="",0,IFERROR(INDEX(Paramètres!$D$5:$D$9,MATCH(F19,Paramètres!$B$5:$B$9,0)),0)) -> 0 | M19: =IF(OR(B19="",J19="",F19=Paramètres!$B$9),"",J19-Paramètres!$C$12) -> 18 | N19: =IF(B19="","",IF(F19=Paramètres!$B$9,"✔ Terminé",IF(J19="","",IF(J19<Paramètres!$C$12,"⚠ En retard",IF(J19-Paramètres!$C$12<=Paramètres!$C$13,"⏰ Bientôt","OK"))))) -> OK | O19: =IF(OR(B19="",I19=""),"",IF(K19<>"",K19-I19,IF(F19=Paramètres!$B$9,"",Paramètres!$C$12-I19))) | P19: =IF(OR(B19="",H19=""),"",IF(K19<>"",K19-H19,Paramètres!$C$12-H19)) -> 4 | Q19: =IF(B19="","",IFERROR(MATCH(E19,Paramètres!$G$5:$G$7,0),99)) -> 2 | R19: =IF(B19="","",IF(OR(Kanban!$C$3="Tous",D19=Kanban!$C$3),1,0)) -> 1 | S19: =IF(R19=1,COUNTIFS($F$5:$F$104,F19,$R$5:$R$104,1,$Q$5:$Q$104,"<"&Q19)+COUNTIFS($F$5:F19,F19,$R$5:R19,1,$Q$5:Q19,Q19),"") -> 2 | T19: =IF(S19="","",F19&"|"&S19) -> À faire|2 | U19: =IF(S19="","",A19&" "&B19&CHAR(10)&"👤 "&D19&" 📅 "&IF(J19="","—",TEXT(DAY(J19),"00")&"/"&TEXT(MONTH(J19),"00"))&CHAR(10)&IF(E19="Haute","🔴 ",IF(E19="Moyenne","🟠 ","🟢 "))&E19&IF(N19="⚠ En retard"," ⚠ En retard","")) -> T-015 Campagne réseaux sociaux 👤 Sara 📅 31/10 🟠 Moyenne
A20: =IF(B20="","","T-"&TEXT(ROW()-4,"000")) -> T-016 | B20: Former l'équipe | C20: Qualité | D20: Alice | E20: Moyenne | F20: À faire | G20: 8 | H20: 46305 | J20: 46329 | L20: =IF(B20="",0,IFERROR(INDEX(Paramètres!$D$5:$D$9,MATCH(F20,Paramètres!$B$5:$B$9,0)),0)) -> 0 | M20: =IF(OR(B20="",J20="",F20=Paramètres!$B$9),"",J20-Paramètres!$C$12) -> 21 | N20: =IF(B20="","",IF(F20=Paramètres!$B$9,"✔ Terminé",IF(J20="","",IF(J20<Paramètres!$C$12,"⚠ En retard",IF(J20-Paramètres!$C$12<=Paramètres!$C$13,"⏰ Bientôt","OK"))))) -> OK | O20: =IF(OR(B20="",I20=""),"",IF(K20<>"",K20-I20,IF(F20=Paramètres!$B$9,"",Paramètres!$C$12-I20))) | P20: =IF(OR(B20="",H20=""),"",IF(K20<>"",K20-H20,Paramètres!$C$12-H20)) -> 3 | Q20: =IF(B20="","",IFERROR(MATCH(E20,Paramètres!$G$5:$G$7,0),99)) -> 2 | R20: =IF(B20="","",IF(OR(Kanban!$C$3="Tous",D20=Kanban!$C$3),1,0)) -> 1 | S20: =IF(R20=1,COUNTIFS($F$5:$F$104,F20,$R$5:$R$104,1,$Q$5:$Q$104,"<"&Q20)+COUNTIFS($F$5:F20,F20,$R$5:R20,1,$Q$5:Q20,Q20),"") -> 3 | T20: =IF(S20="","",F20&"|"&S20) -> À faire|3 | U20: =IF(S20="","",A20&" "&B20&CHAR(10)&"👤 "&D20&" 📅 "&IF(J20="","—",TEXT(DAY(J20),"00")&"/"&TEXT(MONTH(J20),"00"))&CHAR(10)&IF(E20="Haute","🔴 ",IF(E20="Moyenne","🟠 ","🟢 "))&E20&IF(N20="⚠ En retard"," ⚠ En retard","")) -> T-016 Former l'équipe 👤 Alice 📅 03/11 🟠 Moyenne
A21: =IF(B21="","","T-"&TEXT(ROW()-4,"000")) -> T-017 | B21: Optimiser les performances | C21: Développement | D21: Yacine | E21: Basse | F21: Backlog | G21: 16 | H21: 46306 | L21: =IF(B21="",0,IFERROR(INDEX(Paramètres!$D$5:$D$9,MATCH(F21,Paramètres!$B$5:$B$9,0)),0)) -> 0 | M21: =IF(OR(B21="",J21="",F21=Paramètres!$B$9),"",J21-Paramètres!$C$12) | N21: =IF(B21="","",IF(F21=Paramètres!$B$9,"✔ Terminé",IF(J21="","",IF(J21<Paramètres!$C$12,"⚠ En retard",IF(J21-Paramètres!$C$12<=Paramètres!$C$13,"⏰ Bientôt","OK"))))) | O21: =IF(OR(B21="",I21=""),"",IF(K21<>"",K21-I21,IF(F21=Paramètres!$B$9,"",Paramètres!$C$12-I21))) | P21: =IF(OR(B21="",H21=""),"",IF(K21<>"",K21-H21,Paramètres!$C$12-H21)) -> 2 | Q21: =IF(B21="","",IFERROR(MATCH(E21,Paramètres!$G$5:$G$7,0),99)) -> 3 | R21: =IF(B21="","",IF(OR(Kanban!$C$3="Tous",D21=Kanban!$C$3),1,0)) -> 1 | S21: =IF(R21=1,COUNTIFS($F$5:$F$104,F21,$R$5:$R$104,1,$Q$5:$Q$104,"<"&Q21)+COUNTIFS($F$5:F21,F21,$R$5:R21,1,$Q$5:Q21,Q21),"") -> 2 | T21: =IF(S21="","",F21&"|"&S21) -> Backlog|2 | U21: =IF(S21="","",A21&" "&B21&CHAR(10)&"👤 "&D21&" 📅 "&IF(J21="","—",TEXT(DAY(J21),"00")&"/"&TEXT(MONTH(J21),"00"))&CHAR(10)&IF(E21="Haute","🔴 ",IF(E21="Moyenne","🟠 ","🟢 "))&E21&IF(N21="⚠ En retard"," ⚠ En retard","")) -> T-017 Optimiser les performances 👤 Yacine 📅 — 🟢 Basse
A22: =IF(B22="","","T-"&TEXT(ROW()-4,"000")) -> T-018 | B22: Application mobile | C22: Développement | D22: Yacine | E22: Basse | F22: Backlog | G22: 40 | H22: 46307 | L22: =IF(B22="",0,IFERROR(INDEX(Paramètres!$D$5:$D$9,MATCH(F22,Paramètres!$B$5:$B$9,0)),0)) -> 0 | M22: =IF(OR(B22="",J22="",F22=Paramètres!$B$9),"",J22-Paramètres!$C$12) | N22: =IF(B22="","",IF(F22=Paramètres!$B$9,"✔ Terminé",IF(J22="","",IF(J22<Paramètres!$C$12,"⚠ En retard",IF(J22-Paramètres!$C$12<=Paramètres!$C$13,"⏰ Bientôt","OK"))))) | O22: =IF(OR(B22="",I22=""),"",IF(K22<>"",K22-I22,IF(F22=Paramètres!$B$9,"",Paramètres!$C$12-I22))) | P22: =IF(OR(B22="",H22=""),"",IF(K22<>"",K22-H22,Paramètres!$C$12-H22)) -> 1 | Q22: =IF(B22="","",IFERROR(MATCH(E22,Paramètres!$G$5:$G$7,0),99)) -> 3 | R22: =IF(B22="","",IF(OR(Kanban!$C$3="Tous",D22=Kanban!$C$3),1,0)) -> 1 | S22: =IF(R22=1,COUNTIFS($F$5:$F$104,F22,$R$5:$R$104,1,$Q$5:$Q$104,"<"&Q22)+COUNTIFS($F$5:F22,F22,$R$5:R22,1,$Q$5:Q22,Q22),"") -> 3 | T22: =IF(S22="","",F22&"|"&S22) -> Backlog|3 | U22: =IF(S22="","",A22&" "&B22&CHAR(10)&"👤 "&D22&" 📅 "&IF(J22="","—",TEXT(DAY(J22),"00")&"/"&TEXT(MONTH(J22),"00"))&CHAR(10)&IF(E22="Haute","🔴 ",IF(E22="Moyenne","🟠 ","🟢 "))&E22&IF(N22="⚠ En retard"," ⚠ En retard","")) -> T-018 Application mobile 👤 Yacine 📅 — 🟢 Basse
A23: =IF(B23="","","T-"&TEXT(ROW()-4,"000")) -> T-019 | B23: Audit de sécurité | C23: Qualité | D23: Karim | E23: Moyenne | F23: Backlog | G23: 20 | H23: 46307 | L23: =IF(B23="",0,IFERROR(INDEX(Paramètres!$D$5:$D$9,MATCH(F23,Paramètres!$B$5:$B$9,0)),0)) -> 0 | M23: =IF(OR(B23="",J23="",F23=Paramètres!$B$9),"",J23-Paramètres!$C$12) | N23: =IF(B23="","",IF(F23=Paramètres!$B$9,"✔ Terminé",IF(J23="","",IF(J23<Paramètres!$C$12,"⚠ En retard",IF(J23-Paramètres!$C$12<=Paramètres!$C$13,"⏰ Bientôt","OK"))))) | O23: =IF(OR(B23="",I23=""),"",IF(K23<>"",K23-I23,IF(F23=Paramètres!$B$9,"",Paramètres!$C$12-I23))) | P23: =IF(OR(B23="",H23=""),"",IF(K23<>"",K23-H23,Paramètres!$C$12-H23)) -> 1 | Q23: =IF(B23="","",IFERROR(MATCH(E23,Paramètres!$G$5:$G$7,0),99)) -> 2 | R23: =IF(B23="","",IF(OR(Kanban!$C$3="Tous",D23=Kanban!$C$3),1,0)) -> 1 | S23: =IF(R23=1,COUNTIFS($F$5:$F$104,F23,$R$5:$R$104,1,$Q$5:$Q$104,"<"&Q23)+COUNTIFS($F$5:F23,F23,$R$5:R23,1,$Q$5:Q23,Q23),"") -> 1 | T23: =IF(S23="","",F23&"|"&S23) -> Backlog|1 | U23: =IF(S23="","",A23&" "&B23&CHAR(10)&"👤 "&D23&" 📅 "&IF(J23="","—",TEXT(DAY(J23),"00")&"/"&TEXT(MONTH(J23),"00"))&CHAR(10)&IF(E23="Haute","🔴 ",IF(E23="Moyenne","🟠 ","🟢 "))&E23&IF(N23="⚠ En retard"," ⚠ En retard","")) -> T-019 Audit de sécurité 👤 Karim 📅 — 🟠 Moyenne
A24: =IF(B24="","","T-"&TEXT(ROW()-4,"000")) | L24: =IF(B24="",0,IFERROR(INDEX(Paramètres!$D$5:$D$9,MATCH(F24,Paramètres!$B$5:$B$9,0)),0)) -> 0 | M24: =IF(OR(B24="",J24="",F24=Paramètres!$B$9),"",J24-Paramètres!$C$12) | N24: =IF(B24="","",IF(F24=Paramètres!$B$9,"✔ Terminé",IF(J24="","",IF(J24<Paramètres!$C$12,"⚠ En retard",IF(J24-Paramètres!$C$12<=Paramètres!$C$13,"⏰ Bientôt","OK"))))) | O24: =IF(OR(B24="",I24=""),"",IF(K24<>"",K24-I24,IF(F24=Paramètres!$B$9,"",Paramètres!$C$12-I24))) | P24: =IF(OR(B24="",H24=""),"",IF(K24<>"",K24-H24,Paramètres!$C$12-H24)) | Q24: =IF(B24="","",IFERROR(MATCH(E24,Paramètres!$G$5:$G$7,0),99)) | R24: =IF(B24="","",IF(OR(Kanban!$C$3="Tous",D24=Kanban!$C$3),1,0)) | S24: =IF(R24=1,COUNTIFS($F$5:$F$104,F24,$R$5:$R$104,1,$Q$5:$Q$104,"<"&Q24)+COUNTIFS($F$5:F24,F24,$R$5:R24,1,$Q$5:Q24,Q24),"") | T24: =IF(S24="","",F24&"|"&S24) | U24: =IF(S24="","",A24&" "&B24&CHAR(10)&"👤 "&D24&" 📅 "&IF(J24="","—",TEXT(DAY(J24),"00")&"/"&TEXT(MONTH(J24),"00"))&CHAR(10)&IF(E24="Haute","🔴 ",IF(E24="Moyenne","🟠 ","🟢 "))&E24&IF(N24="⚠ En retard"," ⚠ En retard",""))
A25: =IF(B25="","","T-"&TEXT(ROW()-4,"000")) | L25: =IF(B25="",0,IFERROR(INDEX(Paramètres!$D$5:$D$9,MATCH(F25,Paramètres!$B$5:$B$9,0)),0)) -> 0 | M25: =IF(OR(B25="",J25="",F25=Paramètres!$B$9),"",J25-Paramètres!$C$12) | N25: =IF(B25="","",IF(F25=Paramètres!$B$9,"✔ Terminé",IF(J25="","",IF(J25<Paramètres!$C$12,"⚠ En retard",IF(J25-Paramètres!$C$12<=Paramètres!$C$13,"⏰ Bientôt","OK"))))) | O25: =IF(OR(B25="",I25=""),"",IF(K25<>"",K25-I25,IF(F25=Paramètres!$B$9,"",Paramètres!$C$12-I25))) | P25: =IF(OR(B25="",H25=""),"",IF(K25<>"",K25-H25,Paramètres!$C$12-H25)) | Q25: =IF(B25="","",IFERROR(MATCH(E25,Paramètres!$G$5:$G$7,0),99)) | R25: =IF(B25="","",IF(OR(Kanban!$C$3="Tous",D25=Kanban!$C$3),1,0)) | S25: =IF(R25=1,COUNTIFS($F$5:$F$104,F25,$R$5:$R$104,1,$Q$5:$Q$104,"<"&Q25)+COUNTIFS($F$5:F25,F25,$R$5:R25,1,$Q$5:Q25,Q25),"") | T25: =IF(S25="","",F25&"|"&S25) | U25: =IF(S25="","",A25&" "&B25&CHAR(10)&"👤 "&D25&" 📅 "&IF(J25="","—",TEXT(DAY(J25),"00")&"/"&TEXT(MONTH(J25),"00"))&CHAR(10)&IF(E25="Haute","🔴 ",IF(E25="Moyenne","🟠 ","🟢 "))&E25&IF(N25="⚠ En retard"," ⚠ En retard",""))
A26: =IF(B26="","","T-"&TEXT(ROW()-4,"000")) | L26: =IF(B26="",0,IFERROR(INDEX(Paramètres!$D$5:$D$9,MATCH(F26,Paramètres!$B$5:$B$9,0)),0)) -> 0 | M26: =IF(OR(B26="",J26="",F26=Paramètres!$B$9),"",J26-Paramètres!$C$12) | N26: =IF(B26="","",IF(F26=Paramètres!$B$9,"✔ Terminé",IF(J26="","",IF(J26<Paramètres!$C$12,"⚠ En retard",IF(J26-Paramètres!$C$12<=Paramètres!$C$13,"⏰ Bientôt","OK"))))) | O26: =IF(OR(B26="",I26=""),"",IF(K26<>"",K26-I26,IF(F26=Paramètres!$B$9,"",Paramètres!$C$12-I26))) | P26: =IF(OR(B26="",H26=""),"",IF(K26<>"",K26-H26,Paramètres!$C$12-H26)) | Q26: =IF(B26="","",IFERROR(MATCH(E26,Paramètres!$G$5:$G$7,0),99)) | R26: =IF(B26="","",IF(OR(Kanban!$C$3="Tous",D26=Kanban!$C$3),1,0)) | S26: =IF(R26=1,COUNTIFS($F$5:$F$104,F26,$R$5:$R$104,1,$Q$5:$Q$104,"<"&Q26)+COUNTIFS($F$5:F26,F26,$R$5:R26,1,$Q$5:Q26,Q26),"") | T26: =IF(S26="","",F26&"|"&S26) | U26: =IF(S26="","",A26&" "&B26&CHAR(10)&"👤 "&D26&" 📅 "&IF(J26="","—",TEXT(DAY(J26),"00")&"/"&TEXT(MONTH(J26),"00"))&CHAR(10)&IF(E26="Haute","🔴 ",IF(E26="Moyenne","🟠 ","🟢 "))&E26&IF(N26="⚠ En retard"," ⚠ En retard",""))
A27: =IF(B27="","","T-"&TEXT(ROW()-4,"000")) | L27: =IF(B27="",0,IFERROR(INDEX(Paramètres!$D$5:$D$9,MATCH(F27,Paramètres!$B$5:$B$9,0)),0)) -> 0 | M27: =IF(OR(B27="",J27="",F27=Paramètres!$B$9),"",J27-Paramètres!$C$12) | N27: =IF(B27="","",IF(F27=Paramètres!$B$9,"✔ Terminé",IF(J27="","",IF(J27<Paramètres!$C$12,"⚠ En retard",IF(J27-Paramètres!$C$12<=Paramètres!$C$13,"⏰ Bientôt","OK"))))) | O27: =IF(OR(B27="",I27=""),"",IF(K27<>"",K27-I27,IF(F27=Paramètres!$B$9,"",Paramètres!$C$12-I27))) | P27: =IF(OR(B27="",H27=""),"",IF(K27<>"",K27-H27,Paramètres!$C$12-H27)) | Q27: =IF(B27="","",IFERROR(MATCH(E27,Paramètres!$G$5:$G$7,0),99)) | R27: =IF(B27="","",IF(OR(Kanban!$C$3="Tous",D27=Kanban!$C$3),1,0)) | S27: =IF(R27=1,COUNTIFS($F$5:$F$104,F27,$R$5:$R$104,1,$Q$5:$Q$104,"<"&Q27)+COUNTIFS($F$5:F27,F27,$R$5:R27,1,$Q$5:Q27,Q27),"") | T27: =IF(S27="","",F27&"|"&S27) | U27: =IF(S27="","",A27&" "&B27&CHAR(10)&"👤 "&D27&" 📅 "&IF(J27="","—",TEXT(DAY(J27),"00")&"/"&TEXT(MONTH(J27),"00"))&CHAR(10)&IF(E27="Haute","🔴 ",IF(E27="Moyenne","🟠 ","🟢 "))&E27&IF(N27="⚠ En retard"," ⚠ En retard",""))
A28: =IF(B28="","","T-"&TEXT(ROW()-4,"000")) | L28: =IF(B28="",0,IFERROR(INDEX(Paramètres!$D$5:$D$9,MATCH(F28,Paramètres!$B$5:$B$9,0)),0)) -> 0 | M28: =IF(OR(B28="",J28="",F28=Paramètres!$B$9),"",J28-Paramètres!$C$12) | N28: =IF(B28="","",IF(F28=Paramètres!$B$9,"✔ Terminé",IF(J28="","",IF(J28<Paramètres!$C$12,"⚠ En retard",IF(J28-Paramètres!$C$12<=Paramètres!$C$13,"⏰ Bientôt","OK"))))) | O28: =IF(OR(B28="",I28=""),"",IF(K28<>"",K28-I28,IF(F28=Paramètres!$B$9,"",Paramètres!$C$12-I28))) | P28: =IF(OR(B28="",H28=""),"",IF(K28<>"",K28-H28,Paramètres!$C$12-H28)) | Q28: =IF(B28="","",IFERROR(MATCH(E28,Paramètres!$G$5:$G$7,0),99)) | R28: =IF(B28="","",IF(OR(Kanban!$C$3="Tous",D28=Kanban!$C$3),1,0)) | S28: =IF(R28=1,COUNTIFS($F$5:$F$104,F28,$R$5:$R$104,1,$Q$5:$Q$104,"<"&Q28)+COUNTIFS($F$5:F28,F28,$R$5:R28,1,$Q$5:Q28,Q28),"") | T28: =IF(S28="","",F28&"|"&S28) | U28: =IF(S28="","",A28&" "&B28&CHAR(10)&"👤 "&D28&" 📅 "&IF(J28="","—",TEXT(DAY(J28),"00")&"/"&TEXT(MONTH(J28),"00"))&CHAR(10)&IF(E28="Haute","🔴 ",IF(E28="Moyenne","🟠 ","🟢 "))&E28&IF(N28="⚠ En retard"," ⚠ En retard",""))
A29: =IF(B29="","","T-"&TEXT(ROW()-4,"000")) | L29: =IF(B29="",0,IFERROR(INDEX(Paramètres!$D$5:$D$9,MATCH(F29,Paramètres!$B$5:$B$9,0)),0)) -> 0 | M29: =IF(OR(B29="",J29="",F29=Paramètres!$B$9),"",J29-Paramètres!$C$12) | N29: =IF(B29="","",IF(F29=Paramètres!$B$9,"✔ Terminé",IF(J29="","",IF(J29<Paramètres!$C$12,"⚠ En retard",IF(J29-Paramètres!$C$12<=Paramètres!$C$13,"⏰ Bientôt","OK"))))) | O29: =IF(OR(B29="",I29=""),"",IF(K29<>"",K29-I29,IF(F29=Paramètres!$B$9,"",Paramètres!$C$12-I29))) | P29: =IF(OR(B29="",H29=""),"",IF(K29<>"",K29-H29,Paramètres!$C$12-H29)) | Q29: =IF(B29="","",IFERROR(MATCH(E29,Paramètres!$G$5:$G$7,0),99)) | R29: =IF(B29="","",IF(OR(Kanban!$C$3="Tous",D29=Kanban!$C$3),1,0)) | S29: =IF(R29=1,COUNTIFS($F$5:$F$104,F29,$R$5:$R$104,1,$Q$5:$Q$104,"<"&Q29)+COUNTIFS($F$5:F29,F29,$R$5:R29,1,$Q$5:Q29,Q29),"") | T29: =IF(S29="","",F29&"|"&S29) | U29: =IF(S29="","",A29&" "&B29&CHAR(10)&"👤 "&D29&" 📅 "&IF(J29="","—",TEXT(DAY(J29),"00")&"/"&TEXT(MONTH(J29),"00"))&CHAR(10)&IF(E29="Haute","🔴 ",IF(E29="Moyenne","🟠 ","🟢 "))&E29&IF(N29="⚠ En retard"," ⚠ En retard",""))
A30: =IF(B30="","","T-"&TEXT(ROW()-4,"000")) | L30: =IF(B30="",0,IFERROR(INDEX(Paramètres!$D$5:$D$9,MATCH(F30,Paramètres!$B$5:$B$9,0)),0)) -> 0 | M30: =IF(OR(B30="",J30="",F30=Paramètres!$B$9),"",J30-Paramètres!$C$12) | N30: =IF(B30="","",IF(F30=Paramètres!$B$9,"✔ Terminé",IF(J30="","",IF(J30<Paramètres!$C$12,"⚠ En retard",IF(J30-Paramètres!$C$12<=Paramètres!$C$13,"⏰ Bientôt","OK"))))) | O30: =IF(OR(B30="",I30=""),"",IF(K30<>"",K30-I30,IF(F30=Paramètres!$B$9,"",Paramètres!$C$12-I30))) | P30: =IF(OR(B30="",H30=""),"",IF(K30<>"",K30-H30,Paramètres!$C$12-H30)) | Q30: =IF(B30="","",IFERROR(MATCH(E30,Paramètres!$G$5:$G$7,0),99)) | R30: =IF(B30="","",IF(OR(Kanban!$C$3="Tous",D30=Kanban!$C$3),1,0)) | S30: =IF(R30=1,COUNTIFS($F$5:$F$104,F30,$R$5:$R$104,1,$Q$5:$Q$104,"<"&Q30)+COUNTIFS($F$5:F30,F30,$R$5:R30,1,$Q$5:Q30,Q30),"") | T30: =IF(S30="","",F30&"|"&S30) | U30: =IF(S30="","",A30&" "&B30&CHAR(10)&"👤 "&D30&" 📅 "&IF(J30="","—",TEXT(DAY(J30),"00")&"/"&TEXT(MONTH(J30),"00"))&CHAR(10)&IF(E30="Haute","🔴 ",IF(E30="Moyenne","🟠 ","🟢 "))&E30&IF(N30="⚠ En retard"," ⚠ En retard",""))
A31: =IF(B31="","","T-"&TEXT(ROW()-4,"000")) | L31: =IF(B31="",0,IFERROR(INDEX(Paramètres!$D$5:$D$9,MATCH(F31,Paramètres!$B$5:$B$9,0)),0)) -> 0 | M31: =IF(OR(B31="",J31="",F31=Paramètres!$B$9),"",J31-Paramètres!$C$12) | N31: =IF(B31="","",IF(F31=Paramètres!$B$9,"✔ Terminé",IF(J31="","",IF(J31<Paramètres!$C$12,"⚠ En retard",IF(J31-Paramètres!$C$12<=Paramètres!$C$13,"⏰ Bientôt","OK"))))) | O31: =IF(OR(B31="",I31=""),"",IF(K31<>"",K31-I31,IF(F31=Paramètres!$B$9,"",Paramètres!$C$12-I31))) | P31: =IF(OR(B31="",H31=""),"",IF(K31<>"",K31-H31,Paramètres!$C$12-H31)) | Q31: =IF(B31="","",IFERROR(MATCH(E31,Paramètres!$G$5:$G$7,0),99)) | R31: =IF(B31="","",IF(OR(Kanban!$C$3="Tous",D31=Kanban!$C$3),1,0)) | S31: =IF(R31=1,COUNTIFS($F$5:$F$104,F31,$R$5:$R$104,1,$Q$5:$Q$104,"<"&Q31)+COUNTIFS($F$5:F31,F31,$R$5:R31,1,$Q$5:Q31,Q31),"") | T31: =IF(S31="","",F31&"|"&S31) | U31: =IF(S31="","",A31&" "&B31&CHAR(10)&"👤 "&D31&" 📅 "&IF(J31="","—",TEXT(DAY(J31),"00")&"/"&TEXT(MONTH(J31),"00"))&CHAR(10)&IF(E31="Haute","🔴 ",IF(E31="Moyenne","🟠 ","🟢 "))&E31&IF(N31="⚠ En retard"," ⚠ En retard",""))
A32: =IF(B32="","","T-"&TEXT(ROW()-4,"000")) | L32: =IF(B32="",0,IFERROR(INDEX(Paramètres!$D$5:$D$9,MATCH(F32,Paramètres!$B$5:$B$9,0)),0)) -> 0 | M32: =IF(OR(B32="",J32="",F32=Paramètres!$B$9),"",J32-Paramètres!$C$12) | N32: =IF(B32="","",IF(F32=Paramètres!$B$9,"✔ Terminé",IF(J32="","",IF(J32<Paramètres!$C$12,"⚠ En retard",IF(J32-Paramètres!$C$12<=Paramètres!$C$13,"⏰ Bientôt","OK"))))) | O32: =IF(OR(B32="",I32=""),"",IF(K32<>"",K32-I32,IF(F32=Paramètres!$B$9,"",Paramètres!$C$12-I32))) | P32: =IF(OR(B32="",H32=""),"",IF(K32<>"",K32-H32,Paramètres!$C$12-H32)) | Q32: =IF(B32="","",IFERROR(MATCH(E32,Paramètres!$G$5:$G$7,0),99)) | R32: =IF(B32="","",IF(OR(Kanban!$C$3="Tous",D32=Kanban!$C$3),1,0)) | S32: =IF(R32=1,COUNTIFS($F$5:$F$104,F32,$R$5:$R$104,1,$Q$5:$Q$104,"<"&Q32)+COUNTIFS($F$5:F32,F32,$R$5:R32,1,$Q$5:Q32,Q32),"") | T32: =IF(S32="","",F32&"|"&S32) | U32: =IF(S32="","",A32&" "&B32&CHAR(10)&"👤 "&D32&" 📅 "&IF(J32="","—",TEXT(DAY(J32),"00")&"/"&TEXT(MONTH(J32),"00"))&CHAR(10)&IF(E32="Haute","🔴 ",IF(E32="Moyenne","🟠 ","🟢 "))&E32&IF(N32="⚠ En retard"," ⚠ En retard",""))
A33: =IF(B33="","","T-"&TEXT(ROW()-4,"000")) | L33: =IF(B33="",0,IFERROR(INDEX(Paramètres!$D$5:$D$9,MATCH(F33,Paramètres!$B$5:$B$9,0)),0)) -> 0 | M33: =IF(OR(B33="",J33="",F33=Paramètres!$B$9),"",J33-Paramètres!$C$12) | N33: =IF(B33="","",IF(F33=Paramètres!$B$9,"✔ Terminé",IF(J33="","",IF(J33<Paramètres!$C$12,"⚠ En retard",IF(J33-Paramètres!$C$12<=Paramètres!$C$13,"⏰ Bientôt","OK"))))) | O33: =IF(OR(B33="",I33=""),"",IF(K33<>"",K33-I33,IF(F33=Paramètres!$B$9,"",Paramètres!$C$12-I33))) | P33: =IF(OR(B33="",H33=""),"",IF(K33<>"",K33-H33,Paramètres!$C$12-H33)) | Q33: =IF(B33="","",IFERROR(MATCH(E33,Paramètres!$G$5:$G$7,0),99)) | R33: =IF(B33="","",IF(OR(Kanban!$C$3="Tous",D33=Kanban!$C$3),1,0)) | S33: =IF(R33=1,COUNTIFS($F$5:$F$104,F33,$R$5:$R$104,1,$Q$5:$Q$104,"<"&Q33)+COUNTIFS($F$5:F33,F33,$R$5:R33,1,$Q$5:Q33,Q33),"") | T33: =IF(S33="","",F33&"|"&S33) | U33: =IF(S33="","",A33&" "&B33&CHAR(10)&"👤 "&D33&" 📅 "&IF(J33="","—",TEXT(DAY(J33),"00")&"/"&TEXT(MONTH(J33),"00"))&CHAR(10)&IF(E33="Haute","🔴 ",IF(E33="Moyenne","🟠 ","🟢 "))&E33&IF(N33="⚠ En retard"," ⚠ En retard",""))
A34: =IF(B34="","","T-"&TEXT(ROW()-4,"000")) | L34: =IF(B34="",0,IFERROR(INDEX(Paramètres!$D$5:$D$9,MATCH(F34,Paramètres!$B$5:$B$9,0)),0)) -> 0 | M34: =IF(OR(B34="",J34="",F34=Paramètres!$B$9),"",J34-Paramètres!$C$12) | N34: =IF(B34="","",IF(F34=Paramètres!$B$9,"✔ Terminé",IF(J34="","",IF(J34<Paramètres!$C$12,"⚠ En retard",IF(J34-Paramètres!$C$12<=Paramètres!$C$13,"⏰ Bientôt","OK"))))) | O34: =IF(OR(B34="",I34=""),"",IF(K34<>"",K34-I34,IF(F34=Paramètres!$B$9,"",Paramètres!$C$12-I34))) | P34: =IF(OR(B34="",H34=""),"",IF(K34<>"",K34-H34,Paramètres!$C$12-H34)) | Q34: =IF(B34="","",IFERROR(MATCH(E34,Paramètres!$G$5:$G$7,0),99)) | R34: =IF(B34="","",IF(OR(Kanban!$C$3="Tous",D34=Kanban!$C$3),1,0)) | S34: =IF(R34=1,COUNTIFS($F$5:$F$104,F34,$R$5:$R$104,1,$Q$5:$Q$104,"<"&Q34)+COUNTIFS($F$5:F34,F34,$R$5:R34,1,$Q$5:Q34,Q34),"") | T34: =IF(S34="","",F34&"|"&S34) | U34: =IF(S34="","",A34&" "&B34&CHAR(10)&"👤 "&D34&" 📅 "&IF(J34="","—",TEXT(DAY(J34),"00")&"/"&TEXT(MONTH(J34),"00"))&CHAR(10)&IF(E34="Haute","🔴 ",IF(E34="Moyenne","🟠 ","🟢 "))&E34&IF(N34="⚠ En retard"," ⚠ En retard",""))
A35: =IF(B35="","","T-"&TEXT(ROW()-4,"000")) | L35: =IF(B35="",0,IFERROR(INDEX(Paramètres!$D$5:$D$9,MATCH(F35,Paramètres!$B$5:$B$9,0)),0)) -> 0 | M35: =IF(OR(B35="",J35="",F35=Paramètres!$B$9),"",J35-Paramètres!$C$12) | N35: =IF(B35="","",IF(F35=Paramètres!$B$9,"✔ Terminé",IF(J35="","",IF(J35<Paramètres!$C$12,"⚠ En retard",IF(J35-Paramètres!$C$12<=Paramètres!$C$13,"⏰ Bientôt","OK"))))) | O35: =IF(OR(B35="",I35=""),"",IF(K35<>"",K35-I35,IF(F35=Paramètres!$B$9,"",Paramètres!$C$12-I35))) | P35: =IF(OR(B35="",H35=""),"",IF(K35<>"",K35-H35,Paramètres!$C$12-H35)) | Q35: =IF(B35="","",IFERROR(MATCH(E35,Paramètres!$G$5:$G$7,0),99)) | R35: =IF(B35="","",IF(OR(Kanban!$C$3="Tous",D35=Kanban!$C$3),1,0)) | S35: =IF(R35=1,COUNTIFS($F$5:$F$104,F35,$R$5:$R$104,1,$Q$5:$Q$104,"<"&Q35)+COUNTIFS($F$5:F35,F35,$R$5:R35,1,$Q$5:Q35,Q35),"") | T35: =IF(S35="","",F35&"|"&S35) | U35: =IF(S35="","",A35&" "&B35&CHAR(10)&"👤 "&D35&" 📅 "&IF(J35="","—",TEXT(DAY(J35),"00")&"/"&TEXT(MONTH(J35),"00"))&CHAR(10)&IF(E35="Haute","🔴 ",IF(E35="Moyenne","🟠 ","🟢 "))&E35&IF(N35="⚠ En retard"," ⚠ En retard",""))
... A104: =IF(B104="","","T-"&TEXT(ROW()-4,"000")) | L104: =IF(B104="",0,IFERROR(INDEX(Paramètres!$D$5:$D$9,MATCH(F104,Paramètres!$B$5:$B$9,0)),0)) -> 0 | M104: =IF(OR(B104="",J104="",F104=Paramètres!$B$9),"",J104-Paramètres!$C$12) | N104: =IF(B104="","",IF(F104=Paramètres!$B$9,"✔ Terminé",IF(J104="","",IF(J104<Paramètres!$C$12,"⚠ En retard",IF(J104-Paramètres!$C$12<=Paramètres!$C$13,"⏰ Bientôt","OK"))))) | O104: =IF(OR(B104="",I104=""),"",IF(K104<>"",K104-I104,IF(F104=Paramètres!$B$9,"",Paramètres!$C$12-I104))) | P104: =IF(OR(B104="",H104=""),"",IF(K104<>"",K104-H104,Paramètres!$C$12-H104)) | Q104: =IF(B104="","",IFERROR(MATCH(E104,Paramètres!$G$5:$G$7,0),99)) | R104: =IF(B104="","",IF(OR(Kanban!$C$3="Tous",D104=Kanban!$C$3),1,0)) | S104: =IF(R104=1,COUNTIFS($F$5:$F$104,F104,$R$5:$R$104,1,$Q$5:$Q$104,"<"&Q104)+COUNTIFS($F$5:F104,F104,$R$5:R104,1,$Q$5:Q104,Q104),"") | T104: =IF(S104="","",F104&"|"&S104) | U104: =IF(S104="","",A104&" "&B104&CHAR(10)&"👤 "&D104&" 📅 "&IF(J104="","—",TEXT(DAY(J104),"00")&"/"&TEXT(MONTH(J104),"00"))&CHAR(10)&IF(E104="Haute","🔴 ",IF(E104="Moyenne","🟠 ","🟢 "))&E104&IF(N104="⚠ En retard"," ⚠ En retard",""))

Sheet Tableau de bord
B1: Tableau de bord du projet
B2: ="Mis à jour le "&TEXT(DAY(Paramètres!$C$12),"00")&"/"&TEXT(MONTH(Paramètres!$C$12),"00")&"/"&YEAR(Paramètres!$C$12) -> Mis à jour le 13/10/2026
B4: Tâches au total | D4: Terminées | F4: Avancement (pondéré h) | H4: En retard | J4: En cours (WIP) | L4: Cycle time moyen (j)
B5: =COUNTA(Tâches!$B$5:$B$104) -> 19 | D5: =COUNTIF(Tâches!$F$5:$F$104,Paramètres!$B$9) -> 7 | F5: =IFERROR(SUMPRODUCT(Tâches!$G$5:$G$104,Tâches!$L$5:$L$104)/SUM(Tâches!$G$5:$G$104),0) -> 0.43162393 | H5: =COUNTIF(Tâches!$N$5:$N$104,"⚠ En retard") -> 2 | J5: =COUNTIF(Tâches!$F$5:$F$104,Paramètres!$B$7) -> 3 | L5: =IFERROR(AVERAGEIFS(Tâches!$O$5:$O$104,Tâches!$F$5:$F$104,Paramètres!$B$9),"-") -> 8.5714286
B8: Statut | C8: Tâches | D8: Heures | F8: Priorité | G8: Tâches | H8: En retard | J8: Catégorie | K8: Tâches | L8: Terminées
B9: =Paramètres!B5 -> Backlog | C9: =COUNTIF(Tâches!$F$5:$F$104,B9) -> 3 | D9: =SUMIFS(Tâches!$G$5:$G$104,Tâches!$F$5:$F$104,B9) -> 76 | F9: =Paramètres!G5 -> Haute | G9: =COUNTIF(Tâches!$E$5:$E$104,F9) -> 8 | H9: =COUNTIFS(Tâches!$E$5:$E$104,F9,Tâches!$N$5:$N$104,"⚠ En retard") -> 0 | J9: =IF(Paramètres!L5="","",Paramètres!L5) -> Admin | K9: =IF(J9="","",COUNTIF(Tâches!$C$5:$C$104,J9)) -> 6 | L9: =IF(J9="","",COUNTIFS(Tâches!$C$5:$C$104,J9,Tâches!$F$5:$F$104,Paramètres!$B$9)) -> 3
B10: =Paramètres!B6 -> À faire | C10: =COUNTIF(Tâches!$F$5:$F$104,B10) -> 4 | D10: =SUMIFS(Tâches!$G$5:$G$104,Tâches!$F$5:$F$104,B10) -> 35 | F10: =Paramètres!G6 -> Moyenne | G10: =COUNTIF(Tâches!$E$5:$E$104,F10) -> 7 | H10: =COUNTIFS(Tâches!$E$5:$E$104,F10,Tâches!$N$5:$N$104,"⚠ En retard") -> 1 | J10: =IF(Paramètres!L6="","",Paramètres!L6) -> Conception | K10: =IF(J10="","",COUNTIF(Tâches!$C$5:$C$104,J10)) -> 2 | L10: =IF(J10="","",COUNTIFS(Tâches!$C$5:$C$104,J10,Tâches!$F$5:$F$104,Paramètres!$B$9)) -> 2
B11: =Paramètres!B7 -> En cours | C11: =COUNTIF(Tâches!$F$5:$F$104,B11) -> 3 | D11: =SUMIFS(Tâches!$G$5:$G$104,Tâches!$F$5:$F$104,B11) -> 40 | F11: =Paramètres!G7 -> Basse | G11: =COUNTIF(Tâches!$E$5:$E$104,F11) -> 4 | H11: =COUNTIFS(Tâches!$E$5:$E$104,F11,Tâches!$N$5:$N$104,"⚠ En retard") -> 1 | J11: =IF(Paramètres!L7="","",Paramètres!L7) -> Développement | K11: =IF(J11="","",COUNTIF(Tâches!$C$5:$C$104,J11)) -> 5 | L11: =IF(J11="","",COUNTIFS(Tâches!$C$5:$C$104,J11,Tâches!$F$5:$F$104,Paramètres!$B$9)) -> 1
B12: =Paramètres!B8 -> En revue | C12: =COUNTIF(Tâches!$F$5:$F$104,B12) -> 2 | D12: =SUMIFS(Tâches!$G$5:$G$104,Tâches!$F$5:$F$104,B12) -> 20 | J12: =IF(Paramètres!L8="","",Paramètres!L8) -> Marketing | K12: =IF(J12="","",COUNTIF(Tâches!$C$5:$C$104,J12)) -> 3 | L12: =IF(J12="","",COUNTIFS(Tâches!$C$5:$C$104,J12,Tâches!$F$5:$F$104,Paramètres!$B$9)) -> 1
B13: =Paramètres!B9 -> Terminé | C13: =COUNTIF(Tâches!$F$5:$F$104,B13) -> 7 | D13: =SUMIFS(Tâches!$G$5:$G$104,Tâches!$F$5:$F$104,B13) -> 63 | J13: =IF(Paramètres!L9="","",Paramètres!L9) -> Qualité | K13: =IF(J13="","",COUNTIF(Tâches!$C$5:$C$104,J13)) -> 3 | L13: =IF(J13="","",COUNTIFS(Tâches!$C$5:$C$104,J13,Tâches!$F$5:$F$104,Paramètres!$B$9)) -> 0
J14: =IF(Paramètres!L10="","",Paramètres!L10) | K14: =IF(J14="","",COUNTIF(Tâches!$C$5:$C$104,J14)) | L14: =IF(J14="","",COUNTIFS(Tâches!$C$5:$C$104,J14,Tâches!$F$5:$F$104,Paramètres!$B$9))
B17: Responsable | C17: Total | D17: Ouvertes | E17: En retard | F17: H ouvertes | G17: Capacité h/sem | H17: Charge (sem.) | J17: Semaine du | K17: Terminées | L17: Début (date)
B18: =IF(Paramètres!I5="","",Paramètres!I5) -> Alice | C18: =IF(B18="","",COUNTIF(Tâches!$D$5:$D$104,B18)) -> 4 | D18: =IF(B18="","",COUNTIFS(Tâches!$D$5:$D$104,B18,Tâches!$F$5:$F$104,"<>"&Paramètres!$B$9)) -> 2 | E18: =IF(B18="","",COUNTIFS(Tâches!$D$5:$D$104,B18,Tâches!$N$5:$N$104,"⚠ En retard")) -> 1 | F18: =IF(B18="","",SUMIFS(Tâches!$G$5:$G$104,Tâches!$D$5:$D$104,B18,Tâches!$F$5:$F$104,"<>"&Paramètres!$B$9)) -> 20 | G18: =IF(B18="","",Paramètres!J5) -> 35 | H18: =IF(OR(B18="",G18=0),"",F18/G18) -> 0.57142857 | J18: =TEXT(DAY(L18),"00")&"/"&TEXT(MONTH(L18),"00") -> 24/08 | K18: =COUNTIFS(Tâches!$K$5:$K$104,">="&L18,Tâches!$K$5:$K$104,"<="&(L18+6),Tâches!$F$5:$F$104,Paramètres!$B$9) -> 0 | L18: =Paramètres!$C$12-WEEKDAY(Paramètres!$C$12,2)+1-7*7 -> 46258
B19: =IF(Paramètres!I6="","",Paramètres!I6) -> Karim | C19: =IF(B19="","",COUNTIF(Tâches!$D$5:$D$104,B19)) -> 5 | D19: =IF(B19="","",COUNTIFS(Tâches!$D$5:$D$104,B19,Tâches!$F$5:$F$104,"<>"&Paramètres!$B$9)) -> 4 | E19: =IF(B19="","",COUNTIFS(Tâches!$D$5:$D$104,B19,Tâches!$N$5:$N$104,"⚠ En retard")) -> 1 | F19: =IF(B19="","",SUMIFS(Tâches!$G$5:$G$104,Tâches!$D$5:$D$104,B19,Tâches!$F$5:$F$104,"<>"&Paramètres!$B$9)) -> 41 | G19: =IF(B19="","",Paramètres!J6) -> 35 | H19: =IF(OR(B19="",G19=0),"",F19/G19) -> 1.1714286 | J19: =TEXT(DAY(L19),"00")&"/"&TEXT(MONTH(L19),"00") -> 31/08 | K19: =COUNTIFS(Tâches!$K$5:$K$104,">="&L19,Tâches!$K$5:$K$104,"<="&(L19+6),Tâches!$F$5:$F$104,Paramètres!$B$9) -> 0 | L19: =Paramètres!$C$12-WEEKDAY(Paramètres!$C$12,2)+1-7*6 -> 46265
B20: =IF(Paramètres!I7="","",Paramètres!I7) -> Sara | C20: =IF(B20="","",COUNTIF(Tâches!$D$5:$D$104,B20)) -> 5 | D20: =IF(B20="","",COUNTIFS(Tâches!$D$5:$D$104,B20,Tâches!$F$5:$F$104,"<>"&Paramètres!$B$9)) -> 2 | E20: =IF(B20="","",COUNTIFS(Tâches!$D$5:$D$104,B20,Tâches!$N$5:$N$104,"⚠ En retard")) -> 0 | F20: =IF(B20="","",SUMIFS(Tâches!$G$5:$G$104,Tâches!$D$5:$D$104,B20,Tâches!$F$5:$F$104,"<>"&Paramètres!$B$9)) -> 18 | G20: =IF(B20="","",Paramètres!J7) -> 30 | H20: =IF(OR(B20="",G20=0),"",F20/G20) -> 0.6 | J20: =TEXT(DAY(L20),"00")&"/"&TEXT(MONTH(L20),"00") -> 07/09 | K20: =COUNTIFS(Tâches!$K$5:$K$104,">="&L20,Tâches!$K$5:$K$104,"<="&(L20+6),Tâches!$F$5:$F$104,Paramètres!$B$9) -> 0 | L20: =Paramètres!$C$12-WEEKDAY(Paramètres!$C$12,2)+1-7*5 -> 46272
B21: =IF(Paramètres!I8="","",Paramètres!I8) -> Yacine | C21: =IF(B21="","",COUNTIF(Tâches!$D$5:$D$104,B21)) -> 5 | D21: =IF(B21="","",COUNTIFS(Tâches!$D$5:$D$104,B21,Tâches!$F$5:$F$104,"<>"&Paramètres!$B$9)) -> 4 | E21: =IF(B21="","",COUNTIFS(Tâches!$D$5:$D$104,B21,Tâches!$N$5:$N$104,"⚠ En retard")) -> 0 | F21: =IF(B21="","",SUMIFS(Tâches!$G$5:$G$104,Tâches!$D$5:$D$104,B21,Tâches!$F$5:$F$104,"<>"&Paramètres!$B$9)) -> 92 | G21: =IF(B21="","",Paramètres!J8) -> 35 | H21: =IF(OR(B21="",G21=0),"",F21/G21) -> 2.6285714 | J21: =TEXT(DAY(L21),"00")&"/"&TEXT(MONTH(L21),"00") -> 14/09 | K21: =COUNTIFS(Tâches!$K$5:$K$104,">="&L21,Tâches!$K$5:$K$104,"<="&(L21+6),Tâches!$F$5:$F$104,Paramètres!$B$9) -> 2 | L21: =Paramètres!$C$12-WEEKDAY(Paramètres!$C$12,2)+1-7*4 -> 46279
B22: =IF(Paramètres!I9="","",Paramètres!I9) | C22: =IF(B22="","",COUNTIF(Tâches!$D$5:$D$104,B22)) | D22: =IF(B22="","",COUNTIFS(Tâches!$D$5:$D$104,B22,Tâches!$F$5:$F$104,"<>"&Paramètres!$B$9)) | E22: =IF(B22="","",COUNTIFS(Tâches!$D$5:$D$104,B22,Tâches!$N$5:$N$104,"⚠ En retard")) | F22: =IF(B22="","",SUMIFS(Tâches!$G$5:$G$104,Tâches!$D$5:$D$104,B22,Tâches!$F$5:$F$104,"<>"&Paramètres!$B$9)) | G22: =IF(B22="","",Paramètres!J9) | H22: =IF(OR(B22="",G22=0),"",F22/G22) | J22: =TEXT(DAY(L22),"00")&"/"&TEXT(MONTH(L22),"00") -> 21/09 | K22: =COUNTIFS(Tâches!$K$5:$K$104,">="&L22,Tâches!$K$5:$K$104,"<="&(L22+6),Tâches!$F$5:$F$104,Paramètres!$B$9) -> 1 | L22: =Paramètres!$C$12-WEEKDAY(Paramètres!$C$12,2)+1-7*3 -> 46286
B23: =IF(Paramètres!I10="","",Paramètres!I10) | C23: =IF(B23="","",COUNTIF(Tâches!$D$5:$D$104,B23)) | D23: =IF(B23="","",COUNTIFS(Tâches!$D$5:$D$104,B23,Tâches!$F$5:$F$104,"<>"&Paramètres!$B$9)) | E23: =IF(B23="","",COUNTIFS(Tâches!$D$5:$D$104,B23,Tâches!$N$5:$N$104,"⚠ En retard")) | F23: =IF(B23="","",SUMIFS(Tâches!$G$5:$G$104,Tâches!$D$5:$D$104,B23,Tâches!$F$5:$F$104,"<>"&Paramètres!$B$9)) | G23: =IF(B23="","",Paramètres!J10) | H23: =IF(OR(B23="",G23=0),"",F23/G23) | J23: =TEXT(DAY(L23),"00")&"/"&TEXT(MONTH(L23),"00") -> 28/09 | K23: =COUNTIFS(Tâches!$K$5:$K$104,">="&L23,Tâches!$K$5:$K$104,"<="&(L23+6),Tâches!$F$5:$F$104,Paramètres!$B$9) -> 2 | L23: =Paramètres!$C$12-WEEKDAY(Paramètres!$C$12,2)+1-7*2 -> 46293
B24: Charge > 3 semaines de travail en rouge (surcharge). | J24: =TEXT(DAY(L24),"00")&"/"&TEXT(MONTH(L24),"00") -> 05/10 | K24: =COUNTIFS(Tâches!$K$5:$K$104,">="&L24,Tâches!$K$5:$K$104,"<="&(L24+6),Tâches!$F$5:$F$104,Paramètres!$B$9) -> 2 | L24: =Paramètres!$C$12-WEEKDAY(Paramètres!$C$12,2)+1-7*1 -> 46300
J25: =TEXT(DAY(L25),"00")&"/"&TEXT(MONTH(L25),"00") -> 12/10 | K25: =COUNTIFS(Tâches!$K$5:$K$104,">="&L25,Tâches!$K$5:$K$104,"<="&(L25+6),Tâches!$F$5:$F$104,Paramètres!$B$9) -> 0 | L25: =Paramètres!$C$12-WEEKDAY(Paramètres!$C$12,2)+1-7*0 -> 46307
B26: Heures restantes : | D26: =SUMIFS(Tâches!$G$5:$G$104,Tâches!$F$5:$F$104,"<>"&Paramètres!$B$9,Tâches!$B$5:$B$104,"<>") -> 171 | J26: Débit hebdomadaire = tâches terminées par semaine (date fin).
B27: Débit moyen (4 sem.) : | D27: =AVERAGE(K22:K25) -> 1.25 | E27: tâches/sem

Sheet Paramètres
B2: Paramètres (listes et règles)
B3: Modifiez les cellules jaunes : tout le classeur (listes déroulantes, Kanban, tableau de bord) s'adapte automatiquement.
B4: Statut | C4: Limite WIP | D4: Avancement % | G4: Priorité | I4: Équipe | J4: Capacité (h/sem) | L4: Catégorie | N4: Filtre Kanban
B5: Backlog | D5: 0 | G5: Haute | I5: Alice | J5: 35 | L5: Admin | N5: Tous
B6: À faire | C6: 8 | D6: 0 | G6: Moyenne | I6: Karim | J6: 35 | L6: Conception | N6: =IF(I5="","",I5) -> Alice
B7: En cours | C7: 4 | D7: 0.5 | G7: Basse | I7: Sara | J7: 30 | L7: Développement | N7: =IF(I6="","",I6) -> Karim
B8: En revue | C8: 3 | D8: 0.9 | I8: Yacine | J8: 35 | L8: Marketing | N8: =IF(I7="","",I7) -> Sara
B9: Terminé | D9: 1 | L9: Qualité | N9: =IF(I8="","",I8) -> Yacine
N10: =IF(I9="","",I9)
N11: =IF(I10="","",I10)
B12: Date du jour | C12: =TODAY() -> 46308
B13: Alerte « bientôt » (jours avant échéance) | C13: 3
B14: Limite WIP vide = illimité. « Terminé » doit rester la 5e ligne (colonne finale).

Sheet Guide
B2: Guide d'utilisation
B4: 1. Paramètres : définissez statuts, limites WIP, équipe, capacités, catégories (cellules jaunes).
B5: 2. Tâches : une ligne par tâche (jusqu'à 100). ID, avancement, alertes, cycle time sont automatiques.
B6: 3. Kanban : les cartes se placent seules selon le Statut, triées par priorité. Filtrez par responsable en C3.
B7: 4. Tableau de bord : KPI, charge par personne, débit hebdomadaire et graphiques, tout se met à jour seul.
B9: Automatisations incluses (sans macro)
B10: • ID automatique • listes déroulantes liées aux Paramètres • avancement % selon le statut
B11: • alertes En retard / Bientôt (date du jour = TODAY) • cycle time et âge des tâches
B12: • limites WIP : la colonne devient rouge au dépassement • tri des cartes par priorité
B13: • filtre par responsable • charge d'équipe vs capacité • débit sur 8 semaines
B15: Dates automatiques (option macro)
B16: Excel ne peut pas horodater un changement de statut avec des formules seules. Le fichier Kanban_Macro_Dates.txt
... B20: Sans la macro, saisissez les dates à la main (Ctrl+; = date du jour).
