Workbook

Sheet Kanban
B1: Tableau Kanban
B2: Les cartes se mettent à jour depuis l'onglet « Tâches » (colonne Statut).
B4: À faire | C4: En cours | D4: En revue | E4: Terminé
B5: =COUNTIF(Tâches!$F$5:$F$54,B$4)&" tâche(s)" -> 3 tâche(s) | C5: =COUNTIF(Tâches!$F$5:$F$54,C$4)&" tâche(s)" -> 2 tâche(s) | D5: =COUNTIF(Tâches!$F$5:$F$54,D$4)&" tâche(s)" -> 1 tâche(s) | E5: =COUNTIF(Tâches!$F$5:$F$54,E$4)&" tâche(s)" -> 2 tâche(s)
A6: 1 | B6: =IFERROR(INDEX(Tâches!$B$5:$B$54,MATCH(B$4&"|"&$A6,Tâches!$G$5:$G$54,0))&CHAR(10)&INDEX(Tâches!$C$5:$C$54,MATCH(B$4&"|"&$A6,Tâches!$G$5:$G$54,0))&" | Priorité : "&INDEX(Tâches!$D$5:$D$54,MATCH(B$4&"|"&$A6,Tâches!$G$5:$G$54,0)),"") -> Choisir les fournisseurs Yacine | Priorité : Basse | C6: =IFERROR(INDEX(Tâches!$B$5:$B$54,MATCH(C$4&"|"&$A6,Tâches!$G$5:$G$54,0))&CHAR(10)&INDEX(Tâches!$C$5:$C$54,MATCH(C$4&"|"&$A6,Tâches!$G$5:$G$54,0))&" | Priorité : "&INDEX(Tâches!$D$5:$D$54,MATCH(C$4&"|"&$A6,Tâches!$G$5:$G$54,0)),"") -> Maquettes de l'interface Sara | Priorité : Haute | D6: =IFERROR(INDEX(Tâches!$B$5:$B$54,MATCH(D$4&"|"&$A6,Tâches!$G$5:$G$54,0))&CHAR(10)&INDEX(Tâches!$C$5:$C$54,MATCH(D$4&"|"&$A6,Tâches!$G$5:$G$54,0))&" | Priorité : "&INDEX(Tâches!$D$5:$D$54,MATCH(D$4&"|"&$A6,Tâches!$G$5:$G$54,0)),"") -> Valider le budget Karim | Priorité : Moyenne | E6: =IFERROR(INDEX(Tâches!$B$5:$B$54,MATCH(E$4&"|"&$A6,Tâches!$G$5:$G$54,0))&CHAR(10)&INDEX(Tâches!$C$5:$C$54,MATCH(E$4&"|"&$A6,Tâches!$G$5:$G$54,0))&" | Priorité : "&INDEX(Tâches!$D$5:$D$54,MATCH(E$4&"|"&$A6,Tâches!$G$5:$G$54,0)),"") -> Définir le périmètre du projet Alice | Priorité : Haute
A7: 2 | B7: =IFERROR(INDEX(Tâches!$B$5:$B$54,MATCH(B$4&"|"&$A7,Tâches!$G$5:$G$54,0))&CHAR(10)&INDEX(Tâches!$C$5:$C$54,MATCH(B$4&"|"&$A7,Tâches!$G$5:$G$54,0))&" | Priorité : "&INDEX(Tâches!$D$5:$D$54,MATCH(B$4&"|"&$A7,Tâches!$G$5:$G$54,0)),"") -> Plan de communication Sara | Priorité : Moyenne | C7: =IFERROR(INDEX(Tâches!$B$5:$B$54,MATCH(C$4&"|"&$A7,Tâches!$G$5:$G$54,0))&CHAR(10)&INDEX(Tâches!$C$5:$C$54,MATCH(C$4&"|"&$A7,Tâches!$G$5:$G$54,0))&" | Priorité : "&INDEX(Tâches!$D$5:$D$54,MATCH(C$4&"|"&$A7,Tâches!$G$5:$G$54,0)),"") -> Rédiger le cahier des charges Alice | Priorité : Haute | D7: =IFERROR(INDEX(Tâches!$B$5:$B$54,MATCH(D$4&"|"&$A7,Tâches!$G$5:$G$54,0))&CHAR(10)&INDEX(Tâches!$C$5:$C$54,MATCH(D$4&"|"&$A7,Tâches!$G$5:$G$54,0))&" | Priorité : "&INDEX(Tâches!$D$5:$D$54,MATCH(D$4&"|"&$A7,Tâches!$G$5:$G$54,0)),"") | E7: =IFERROR(INDEX(Tâches!$B$5:$B$54,MATCH(E$4&"|"&$A7,Tâches!$G$5:$G$54,0))&CHAR(10)&INDEX(Tâches!$C$5:$C$54,MATCH(E$4&"|"&$A7,Tâches!$G$5:$G$54,0))&" | Priorité : "&INDEX(Tâches!$D$5:$D$54,MATCH(E$4&"|"&$A7,Tâches!$G$5:$G$54,0)),"") -> Réunion de lancement Karim | Priorité : Moyenne
A8: 3 | B8: =IFERROR(INDEX(Tâches!$B$5:$B$54,MATCH(B$4&"|"&$A8,Tâches!$G$5:$G$54,0))&CHAR(10)&INDEX(Tâches!$C$5:$C$54,MATCH(B$4&"|"&$A8,Tâches!$G$5:$G$54,0))&" | Priorité : "&INDEX(Tâches!$D$5:$D$54,MATCH(B$4&"|"&$A8,Tâches!$G$5:$G$54,0)),"") -> Former l'équipe Yacine | Priorité : Basse | C8: =IFERROR(INDEX(Tâches!$B$5:$B$54,MATCH(C$4&"|"&$A8,Tâches!$G$5:$G$54,0))&CHAR(10)&INDEX(Tâches!$C$5:$C$54,MATCH(C$4&"|"&$A8,Tâches!$G$5:$G$54,0))&" | Priorité : "&INDEX(Tâches!$D$5:$D$54,MATCH(C$4&"|"&$A8,Tâches!$G$5:$G$54,0)),"") | D8: =IFERROR(INDEX(Tâches!$B$5:$B$54,MATCH(D$4&"|"&$A8,Tâches!$G$5:$G$54,0))&CHAR(10)&INDEX(Tâches!$C$5:$C$54,MATCH(D$4&"|"&$A8,Tâches!$G$5:$G$54,0))&" | Priorité : "&INDEX(Tâches!$D$5:$D$54,MATCH(D$4&"|"&$A8,Tâches!$G$5:$G$54,0)),"") | E8: =IFERROR(INDEX(Tâches!$B$5:$B$54,MATCH(E$4&"|"&$A8,Tâches!$G$5:$G$54,0))&CHAR(10)&INDEX(Tâches!$C$5:$C$54,MATCH(E$4&"|"&$A8,Tâches!$G$5:$G$54,0))&" | Priorité : "&INDEX(Tâches!$D$5:$D$54,MATCH(E$4&"|"&$A8,Tâches!$G$5:$G$54,0)),"")
A9: 4 | B9: =IFERROR(INDEX(Tâches!$B$5:$B$54,MATCH(B$4&"|"&$A9,Tâches!$G$5:$G$54,0))&CHAR(10)&INDEX(Tâches!$C$5:$C$54,MATCH(B$4&"|"&$A9,Tâches!$G$5:$G$54,0))&" | Priorité : "&INDEX(Tâches!$D$5:$D$54,MATCH(B$4&"|"&$A9,Tâches!$G$5:$G$54,0)),"") | C9: =IFERROR(INDEX(Tâches!$B$5:$B$54,MATCH(C$4&"|"&$A9,Tâches!$G$5:$G$54,0))&CHAR(10)&INDEX(Tâches!$C$5:$C$54,MATCH(C$4&"|"&$A9,Tâches!$G$5:$G$54,0))&" | Priorité : "&INDEX(Tâches!$D$5:$D$54,MATCH(C$4&"|"&$A9,Tâches!$G$5:$G$54,0)),"") | D9: =IFERROR(INDEX(Tâches!$B$5:$B$54,MATCH(D$4&"|"&$A9,Tâches!$G$5:$G$54,0))&CHAR(10)&INDEX(Tâches!$C$5:$C$54,MATCH(D$4&"|"&$A9,Tâches!$G$5:$G$54,0))&" | Priorité : "&INDEX(Tâches!$D$5:$D$54,MATCH(D$4&"|"&$A9,Tâches!$G$5:$G$54,0)),"") | E9: =IFERROR(INDEX(Tâches!$B$5:$B$54,MATCH(E$4&"|"&$A9,Tâches!$G$5:$G$54,0))&CHAR(10)&INDEX(Tâches!$C$5:$C$54,MATCH(E$4&"|"&$A9,Tâches!$G$5:$G$54,0))&" | Priorité : "&INDEX(Tâches!$D$5:$D$54,MATCH(E$4&"|"&$A9,Tâches!$G$5:$G$54,0)),"")
A10: 5 | B10: =IFERROR(INDEX(Tâches!$B$5:$B$54,MATCH(B$4&"|"&$A10,Tâches!$G$5:$G$54,0))&CHAR(10)&INDEX(Tâches!$C$5:$C$54,MATCH(B$4&"|"&$A10,Tâches!$G$5:$G$54,0))&" | Priorité : "&INDEX(Tâches!$D$5:$D$54,MATCH(B$4&"|"&$A10,Tâches!$G$5:$G$54,0)),"") | C10: =IFERROR(INDEX(Tâches!$B$5:$B$54,MATCH(C$4&"|"&$A10,Tâches!$G$5:$G$54,0))&CHAR(10)&INDEX(Tâches!$C$5:$C$54,MATCH(C$4&"|"&$A10,Tâches!$G$5:$G$54,0))&" | Priorité : "&INDEX(Tâches!$D$5:$D$54,MATCH(C$4&"|"&$A10,Tâches!$G$5:$G$54,0)),"") | D10: =IFERROR(INDEX(Tâches!$B$5:$B$54,MATCH(D$4&"|"&$A10,Tâches!$G$5:$G$54,0))&CHAR(10)&INDEX(Tâches!$C$5:$C$54,MATCH(D$4&"|"&$A10,Tâches!$G$5:$G$54,0))&" | Priorité : "&INDEX(Tâches!$D$5:$D$54,MATCH(D$4&"|"&$A10,Tâches!$G$5:$G$54,0)),"") | E10: =IFERROR(INDEX(Tâches!$B$5:$B$54,MATCH(E$4&"|"&$A10,Tâches!$G$5:$G$54,0))&CHAR(10)&INDEX(Tâches!$C$5:$C$54,MATCH(E$4&"|"&$A10,Tâches!$G$5:$G$54,0))&" | Priorité : "&INDEX(Tâches!$D$5:$D$54,MATCH(E$4&"|"&$A10,Tâches!$G$5:$G$54,0)),"")
A11: 6 | B11: =IFERROR(INDEX(Tâches!$B$5:$B$54,MATCH(B$4&"|"&$A11,Tâches!$G$5:$G$54,0))&CHAR(10)&INDEX(Tâches!$C$5:$C$54,MATCH(B$4&"|"&$A11,Tâches!$G$5:$G$54,0))&" | Priorité : "&INDEX(Tâches!$D$5:$D$54,MATCH(B$4&"|"&$A11,Tâches!$G$5:$G$54,0)),"") | C11: =IFERROR(INDEX(Tâches!$B$5:$B$54,MATCH(C$4&"|"&$A11,Tâches!$G$5:$G$54,0))&CHAR(10)&INDEX(Tâches!$C$5:$C$54,MATCH(C$4&"|"&$A11,Tâches!$G$5:$G$54,0))&" | Priorité : "&INDEX(Tâches!$D$5:$D$54,MATCH(C$4&"|"&$A11,Tâches!$G$5:$G$54,0)),"") | D11: =IFERROR(INDEX(Tâches!$B$5:$B$54,MATCH(D$4&"|"&$A11,Tâches!$G$5:$G$54,0))&CHAR(10)&INDEX(Tâches!$C$5:$C$54,MATCH(D$4&"|"&$A11,Tâches!$G$5:$G$54,0))&" | Priorité : "&INDEX(Tâches!$D$5:$D$54,MATCH(D$4&"|"&$A11,Tâches!$G$5:$G$54,0)),"") | E11: =IFERROR(INDEX(Tâches!$B$5:$B$54,MATCH(E$4&"|"&$A11,Tâches!$G$5:$G$54,0))&CHAR(10)&INDEX(Tâches!$C$5:$C$54,MATCH(E$4&"|"&$A11,Tâches!$G$5:$G$54,0))&" | Priorité : "&INDEX(Tâches!$D$5:$D$54,MATCH(E$4&"|"&$A11,Tâches!$G$5:$G$54,0)),"")
A12: 7 | B12: =IFERROR(INDEX(Tâches!$B$5:$B$54,MATCH(B$4&"|"&$A12,Tâches!$G$5:$G$54,0))&CHAR(10)&INDEX(Tâches!$C$5:$C$54,MATCH(B$4&"|"&$A12,Tâches!$G$5:$G$54,0))&" | Priorité : "&INDEX(Tâches!$D$5:$D$54,MATCH(B$4&"|"&$A12,Tâches!$G$5:$G$54,0)),"") | C12: =IFERROR(INDEX(Tâches!$B$5:$B$54,MATCH(C$4&"|"&$A12,Tâches!$G$5:$G$54,0))&CHAR(10)&INDEX(Tâches!$C$5:$C$54,MATCH(C$4&"|"&$A12,Tâches!$G$5:$G$54,0))&" | Priorité : "&INDEX(Tâches!$D$5:$D$54,MATCH(C$4&"|"&$A12,Tâches!$G$5:$G$54,0)),"") | D12: =IFERROR(INDEX(Tâches!$B$5:$B$54,MATCH(D$4&"|"&$A12,Tâches!$G$5:$G$54,0))&CHAR(10)&INDEX(Tâches!$C$5:$C$54,MATCH(D$4&"|"&$A12,Tâches!$G$5:$G$54,0))&" | Priorité : "&INDEX(Tâches!$D$5:$D$54,MATCH(D$4&"|"&$A12,Tâches!$G$5:$G$54,0)),"") | E12: =IFERROR(INDEX(Tâches!$B$5:$B$54,MATCH(E$4&"|"&$A12,Tâches!$G$5:$G$54,0))&CHAR(10)&INDEX(Tâches!$C$5:$C$54,MATCH(E$4&"|"&$A12,Tâches!$G$5:$G$54,0))&" | Priorité : "&INDEX(Tâches!$D$5:$D$54,MATCH(E$4&"|"&$A12,Tâches!$G$5:$G$54,0)),"")
A13: 8 | B13: =IFERROR(INDEX(Tâches!$B$5:$B$54,MATCH(B$4&"|"&$A13,Tâches!$G$5:$G$54,0))&CHAR(10)&INDEX(Tâches!$C$5:$C$54,MATCH(B$4&"|"&$A13,Tâches!$G$5:$G$54,0))&" | Priorité : "&INDEX(Tâches!$D$5:$D$54,MATCH(B$4&"|"&$A13,Tâches!$G$5:$G$54,0)),"") | C13: =IFERROR(INDEX(Tâches!$B$5:$B$54,MATCH(C$4&"|"&$A13,Tâches!$G$5:$G$54,0))&CHAR(10)&INDEX(Tâches!$C$5:$C$54,MATCH(C$4&"|"&$A13,Tâches!$G$5:$G$54,0))&" | Priorité : "&INDEX(Tâches!$D$5:$D$54,MATCH(C$4&"|"&$A13,Tâches!$G$5:$G$54,0)),"") | D13: =IFERROR(INDEX(Tâches!$B$5:$B$54,MATCH(D$4&"|"&$A13,Tâches!$G$5:$G$54,0))&CHAR(10)&INDEX(Tâches!$C$5:$C$54,MATCH(D$4&"|"&$A13,Tâches!$G$5:$G$54,0))&" | Priorité : "&INDEX(Tâches!$D$5:$D$54,MATCH(D$4&"|"&$A13,Tâches!$G$5:$G$54,0)),"") | E13: =IFERROR(INDEX(Tâches!$B$5:$B$54,MATCH(E$4&"|"&$A13,Tâches!$G$5:$G$54,0))&CHAR(10)&INDEX(Tâches!$C$5:$C$54,MATCH(E$4&"|"&$A13,Tâches!$G$5:$G$54,0))&" | Priorité : "&INDEX(Tâches!$D$5:$D$54,MATCH(E$4&"|"&$A13,Tâches!$G$5:$G$54,0)),"")
A14: 9 | B14: =IFERROR(INDEX(Tâches!$B$5:$B$54,MATCH(B$4&"|"&$A14,Tâches!$G$5:$G$54,0))&CHAR(10)&INDEX(Tâches!$C$5:$C$54,MATCH(B$4&"|"&$A14,Tâches!$G$5:$G$54,0))&" | Priorité : "&INDEX(Tâches!$D$5:$D$54,MATCH(B$4&"|"&$A14,Tâches!$G$5:$G$54,0)),"") | C14: =IFERROR(INDEX(Tâches!$B$5:$B$54,MATCH(C$4&"|"&$A14,Tâches!$G$5:$G$54,0))&CHAR(10)&INDEX(Tâches!$C$5:$C$54,MATCH(C$4&"|"&$A14,Tâches!$G$5:$G$54,0))&" | Priorité : "&INDEX(Tâches!$D$5:$D$54,MATCH(C$4&"|"&$A14,Tâches!$G$5:$G$54,0)),"") | D14: =IFERROR(INDEX(Tâches!$B$5:$B$54,MATCH(D$4&"|"&$A14,Tâches!$G$5:$G$54,0))&CHAR(10)&INDEX(Tâches!$C$5:$C$54,MATCH(D$4&"|"&$A14,Tâches!$G$5:$G$54,0))&" | Priorité : "&INDEX(Tâches!$D$5:$D$54,MATCH(D$4&"|"&$A14,Tâches!$G$5:$G$54,0)),"") | E14: =IFERROR(INDEX(Tâches!$B$5:$B$54,MATCH(E$4&"|"&$A14,Tâches!$G$5:$G$54,0))&CHAR(10)&INDEX(Tâches!$C$5:$C$54,MATCH(E$4&"|"&$A14,Tâches!$G$5:$G$54,0))&" | Priorité : "&INDEX(Tâches!$D$5:$D$54,MATCH(E$4&"|"&$A14,Tâches!$G$5:$G$54,0)),"")
A15: 10 | B15: =IFERROR(INDEX(Tâches!$B$5:$B$54,MATCH(B$4&"|"&$A15,Tâches!$G$5:$G$54,0))&CHAR(10)&INDEX(Tâches!$C$5:$C$54,MATCH(B$4&"|"&$A15,Tâches!$G$5:$G$54,0))&" | Priorité : "&INDEX(Tâches!$D$5:$D$54,MATCH(B$4&"|"&$A15,Tâches!$G$5:$G$54,0)),"") | C15: =IFERROR(INDEX(Tâches!$B$5:$B$54,MATCH(C$4&"|"&$A15,Tâches!$G$5:$G$54,0))&CHAR(10)&INDEX(Tâches!$C$5:$C$54,MATCH(C$4&"|"&$A15,Tâches!$G$5:$G$54,0))&" | Priorité : "&INDEX(Tâches!$D$5:$D$54,MATCH(C$4&"|"&$A15,Tâches!$G$5:$G$54,0)),"") | D15: =IFERROR(INDEX(Tâches!$B$5:$B$54,MATCH(D$4&"|"&$A15,Tâches!$G$5:$G$54,0))&CHAR(10)&INDEX(Tâches!$C$5:$C$54,MATCH(D$4&"|"&$A15,Tâches!$G$5:$G$54,0))&" | Priorité : "&INDEX(Tâches!$D$5:$D$54,MATCH(D$4&"|"&$A15,Tâches!$G$5:$G$54,0)),"") | E15: =IFERROR(INDEX(Tâches!$B$5:$B$54,MATCH(E$4&"|"&$A15,Tâches!$G$5:$G$54,0))&CHAR(10)&INDEX(Tâches!$C$5:$C$54,MATCH(E$4&"|"&$A15,Tâches!$G$5:$G$54,0))&" | Priorité : "&INDEX(Tâches!$D$5:$D$54,MATCH(E$4&"|"&$A15,Tâches!$G$5:$G$54,0)),"")
A16: 11 | B16: =IFERROR(INDEX(Tâches!$B$5:$B$54,MATCH(B$4&"|"&$A16,Tâches!$G$5:$G$54,0))&CHAR(10)&INDEX(Tâches!$C$5:$C$54,MATCH(B$4&"|"&$A16,Tâches!$G$5:$G$54,0))&" | Priorité : "&INDEX(Tâches!$D$5:$D$54,MATCH(B$4&"|"&$A16,Tâches!$G$5:$G$54,0)),"") | C16: =IFERROR(INDEX(Tâches!$B$5:$B$54,MATCH(C$4&"|"&$A16,Tâches!$G$5:$G$54,0))&CHAR(10)&INDEX(Tâches!$C$5:$C$54,MATCH(C$4&"|"&$A16,Tâches!$G$5:$G$54,0))&" | Priorité : "&INDEX(Tâches!$D$5:$D$54,MATCH(C$4&"|"&$A16,Tâches!$G$5:$G$54,0)),"") | D16: =IFERROR(INDEX(Tâches!$B$5:$B$54,MATCH(D$4&"|"&$A16,Tâches!$G$5:$G$54,0))&CHAR(10)&INDEX(Tâches!$C$5:$C$54,MATCH(D$4&"|"&$A16,Tâches!$G$5:$G$54,0))&" | Priorité : "&INDEX(Tâches!$D$5:$D$54,MATCH(D$4&"|"&$A16,Tâches!$G$5:$G$54,0)),"") | E16: =IFERROR(INDEX(Tâches!$B$5:$B$54,MATCH(E$4&"|"&$A16,Tâches!$G$5:$G$54,0))&CHAR(10)&INDEX(Tâches!$C$5:$C$54,MATCH(E$4&"|"&$A16,Tâches!$G$5:$G$54,0))&" | Priorité : "&INDEX(Tâches!$D$5:$D$54,MATCH(E$4&"|"&$A16,Tâches!$G$5:$G$54,0)),"")
A17: 12 | B17: =IFERROR(INDEX(Tâches!$B$5:$B$54,MATCH(B$4&"|"&$A17,Tâches!$G$5:$G$54,0))&CHAR(10)&INDEX(Tâches!$C$5:$C$54,MATCH(B$4&"|"&$A17,Tâches!$G$5:$G$54,0))&" | Priorité : "&INDEX(Tâches!$D$5:$D$54,MATCH(B$4&"|"&$A17,Tâches!$G$5:$G$54,0)),"") | C17: =IFERROR(INDEX(Tâches!$B$5:$B$54,MATCH(C$4&"|"&$A17,Tâches!$G$5:$G$54,0))&CHAR(10)&INDEX(Tâches!$C$5:$C$54,MATCH(C$4&"|"&$A17,Tâches!$G$5:$G$54,0))&" | Priorité : "&INDEX(Tâches!$D$5:$D$54,MATCH(C$4&"|"&$A17,Tâches!$G$5:$G$54,0)),"") | D17: =IFERROR(INDEX(Tâches!$B$5:$B$54,MATCH(D$4&"|"&$A17,Tâches!$G$5:$G$54,0))&CHAR(10)&INDEX(Tâches!$C$5:$C$54,MATCH(D$4&"|"&$A17,Tâches!$G$5:$G$54,0))&" | Priorité : "&INDEX(Tâches!$D$5:$D$54,MATCH(D$4&"|"&$A17,Tâches!$G$5:$G$54,0)),"") | E17: =IFERROR(INDEX(Tâches!$B$5:$B$54,MATCH(E$4&"|"&$A17,Tâches!$G$5:$G$54,0))&CHAR(10)&INDEX(Tâches!$C$5:$C$54,MATCH(E$4&"|"&$A17,Tâches!$G$5:$G$54,0))&" | Priorité : "&INDEX(Tâches!$D$5:$D$54,MATCH(E$4&"|"&$A17,Tâches!$G$5:$G$54,0)),"")
... A20: 15 | B20: =IFERROR(INDEX(Tâches!$B$5:$B$54,MATCH(B$4&"|"&$A20,Tâches!$G$5:$G$54,0))&CHAR(10)&INDEX(Tâches!$C$5:$C$54,MATCH(B$4&"|"&$A20,Tâches!$G$5:$G$54,0))&" | Priorité : "&INDEX(Tâches!$D$5:$D$54,MATCH(B$4&"|"&$A20,Tâches!$G$5:$G$54,0)),"") | C20: =IFERROR(INDEX(Tâches!$B$5:$B$54,MATCH(C$4&"|"&$A20,Tâches!$G$5:$G$54,0))&CHAR(10)&INDEX(Tâches!$C$5:$C$54,MATCH(C$4&"|"&$A20,Tâches!$G$5:$G$54,0))&" | Priorité : "&INDEX(Tâches!$D$5:$D$54,MATCH(C$4&"|"&$A20,Tâches!$G$5:$G$54,0)),"") | D20: =IFERROR(INDEX(Tâches!$B$5:$B$54,MATCH(D$4&"|"&$A20,Tâches!$G$5:$G$54,0))&CHAR(10)&INDEX(Tâches!$C$5:$C$54,MATCH(D$4&"|"&$A20,Tâches!$G$5:$G$54,0))&" | Priorité : "&INDEX(Tâches!$D$5:$D$54,MATCH(D$4&"|"&$A20,Tâches!$G$5:$G$54,0)),"") | E20: =IFERROR(INDEX(Tâches!$B$5:$B$54,MATCH(E$4&"|"&$A20,Tâches!$G$5:$G$54,0))&CHAR(10)&INDEX(Tâches!$C$5:$C$54,MATCH(E$4&"|"&$A20,Tâches!$G$5:$G$54,0))&" | Priorité : "&INDEX(Tâches!$D$5:$D$54,MATCH(E$4&"|"&$A20,Tâches!$G$5:$G$54,0)),"")
B22: Légende : carte rouge pâle = priorité haute. Jusqu'à 15 cartes par colonne, 50 tâches au total.

Sheet Tâches
A1: Liste des tâches
A2: Modifiez uniquement les cellules des colonnes B à F (fond jaune clair). Changez le Statut via la liste déroulante : la carte bouge toute seule sur l'onglet Kanban.
A4: N° | B4: Tâche | C4: Responsable | D4: Priorité | E4: Échéance | F4: Statut | G4: Clé (auto)
A5: 1 | B5: Définir le périmètre du projet | C5: Alice | D5: Haute | E5: 46313 | F5: Terminé | G5: =IF(F5="","",F5&"|"&COUNTIF($F$5:F5,F5)) -> Terminé|1
A6: 2 | B6: Réunion de lancement | C6: Karim | D6: Moyenne | E6: 46311 | F6: Terminé | G6: =IF(F6="","",F6&"|"&COUNTIF($F$5:F6,F6)) -> Terminé|2
A7: 3 | B7: Maquettes de l'interface | C7: Sara | D7: Haute | E7: 46318 | F7: En cours | G7: =IF(F7="","",F7&"|"&COUNTIF($F$5:F7,F7)) -> En cours|1
A8: 4 | B8: Rédiger le cahier des charges | C8: Alice | D8: Haute | E8: 46320 | F8: En cours | G8: =IF(F8="","",F8&"|"&COUNTIF($F$5:F8,F8)) -> En cours|2
A9: 5 | B9: Valider le budget | C9: Karim | D9: Moyenne | E9: 46322 | F9: En revue | G9: =IF(F9="","",F9&"|"&COUNTIF($F$5:F9,F9)) -> En revue|1
A10: 6 | B10: Choisir les fournisseurs | C10: Yacine | D10: Basse | E10: 46328 | F10: À faire | G10: =IF(F10="","",F10&"|"&COUNTIF($F$5:F10,F10)) -> À faire|1
A11: 7 | B11: Plan de communication | C11: Sara | D11: Moyenne | E11: 46333 | F11: À faire | G11: =IF(F11="","",F11&"|"&COUNTIF($F$5:F11,F11)) -> À faire|2
A12: 8 | B12: Former l'équipe | C12: Yacine | D12: Basse | E12: 46338 | F12: À faire | G12: =IF(F12="","",F12&"|"&COUNTIF($F$5:F12,F12)) -> À faire|3
A13: 9 | G13: =IF(F13="","",F13&"|"&COUNTIF($F$5:F13,F13))
A14: 10 | G14: =IF(F14="","",F14&"|"&COUNTIF($F$5:F14,F14))
A15: 11 | G15: =IF(F15="","",F15&"|"&COUNTIF($F$5:F15,F15))
A16: 12 | G16: =IF(F16="","",F16&"|"&COUNTIF($F$5:F16,F16))
A17: 13 | G17: =IF(F17="","",F17&"|"&COUNTIF($F$5:F17,F17))
A18: 14 | G18: =IF(F18="","",F18&"|"&COUNTIF($F$5:F18,F18))
A19: 15 | G19: =IF(F19="","",F19&"|"&COUNTIF($F$5:F19,F19))
A20: 16 | G20: =IF(F20="","",F20&"|"&COUNTIF($F$5:F20,F20))
A21: 17 | G21: =IF(F21="","",F21&"|"&COUNTIF($F$5:F21,F21))
A22: 18 | G22: =IF(F22="","",F22&"|"&COUNTIF($F$5:F22,F22))
A23: 19 | G23: =IF(F23="","",F23&"|"&COUNTIF($F$5:F23,F23))
A24: 20 | G24: =IF(F24="","",F24&"|"&COUNTIF($F$5:F24,F24))
... A54: 50 | G54: =IF(F54="","",F54&"|"&COUNTIF($F$5:F54,F54))
